Cellid,x,y,gene,W,H,cX,cY,Aera
1958,1467,46,CILP,6,10,1469.3809523809523,50.19047619047619,21
2000,2445,46,CILP,7,7,2447.88,49.56,25
2614,223,61,CILP,10,8,226.4047619047619,63.5,42
3173,1696,70,CILP,4,6,1697.7333333333333,72.8,15
3400,1692,75,CILP,6,6,1694.0,77.46153846153847,13
3980,767,84,CILP,9,13,770.5370370370371,89.27777777777777,54
4020,1771,85,CILP,6,5,1773.3333333333333,87.41666666666667,12
4427,3445,91,CILP,5,7,3447.1363636363635,93.86363636363636,22
4471,499,93,CILP,14,15,504.6707317073171,98.57317073170732,82
5445,2222,107,CILP,6,4,2224.285714285714,108.78571428571429,14
5464,4326,106,CILP,6,6,4328.428571428572,108.21428571428571,14
5548,1795,108,CILP,6,6,1797.4166666666667,109.75,12
5549,1799,109,CILP,7,9,1801.857142857143,112.9047619047619,21
5738,200,113,CILP,6,6,201.8125,115.4375,16
5953,1818,115,CILP,6,10,1821.0869565217392,119.30434782608695,23
6138,4746,117,CILP,4,4,4747.3,118.5,10
6382,3215,121,CILP,16,19,3222.1496598639455,129.74149659863946,147
6797,5182,126,CILP,6,6,5184.421052631579,128.47368421052633,19
7120,1030,133,CILP,13,7,1036.4166666666667,135.30555555555554,36
7987,1032,145,CILP,10,4,1036.9411764705883,146.52941176470588,17
8059,2643,144,CILP,5,5,2644.866666666667,145.86666666666667,15
9751,310,170,CILP,5,5,312.3529411764706,172.41176470588235,17
10111,3915,175,CILP,7,6,3917.785714285714,177.07142857142858,14
10608,1299,182,CILP,7,5,1302.5384615384614,183.30769230769232,13
10986,1297,189,CILP,7,3,1300.3,190.3,10
11041,2373,189,CILP,7,6,2376.037037037037,191.8148148148148,27
11045,3770,189,CILP,6,5,3771.9,190.5,10
11081,5922,189,CILP,11,12,5926.6984126984125,193.44444444444446,63
11296,3090,192,CILP,11,12,3094.3846153846152,198.36923076923077,65
11329,5938,193,CILP,4,7,5939.578947368421,196.31578947368422,19
11456,328,197,CILP,9,8,331.8611111111111,199.52777777777777,36
11960,5917,202,CILP,25,24,5928.78164556962,214.29113924050634,316
13380,4561,224,CILP,6,5,4563.384615384615,225.69230769230768,13
13450,1506,226,CILP,7,13,1508.8,231.2,35
13481,1896,226,CILP,4,7,1897.611111111111,229.22222222222223,18
13539,5928,226,CILP,5,5,5930.0,228.06666666666666,15
13651,4417,228,CILP,6,10,4419.0,232.5,22
13806,5935,231,CILP,4,5,5936.692307692308,233.30769230769232,13
14499,5931,241,CILP,5,4,5933.0,242.625,16
14994,3057,248,CILP,6,4,3059.4285714285716,249.35714285714286,14
15128,2109,251,CILP,8,6,2113.1176470588234,252.94117647058823,17
15376,1742,255,CILP,8,10,1745.5151515151515,259.27272727272725,33
15472,815,256,CILP,12,13,819.3272727272728,261.4727272727273,55
15695,535,261,CILP,20,16,543.9268292682926,267.8617886178862,123
15785,3253,261,CILP,4,5,3254.5625,263.25,16
16063,4225,265,CILP,7,9,4228.7037037037035,268.18518518518516,27
16334,4191,269,CILP,5,8,4193.0,271.9375,16
16335,4197,268,CILP,9,7,4201.217391304348,270.7826086956522,23
16338,4217,268,CILP,7,9,4220.0,271.5,30
16594,4314,273,CILP,5,3,4316.4,273.8,10
17592,26,291,CILP,12,9,30.977272727272727,294.29545454545456,44
17694,4057,290,CILP,5,4,4059.090909090909,291.6363636363636,11
18207,189,301,CILP,11,9,194.3111111111111,304.1111111111111,45
18686,2430,306,CILP,7,6,2432.782608695652,308.7826086956522,23
18887,1118,310,CILP,13,10,1123.8461538461538,314.11538461538464,52
18925,2274,311,CILP,9,3,2277.3888888888887,311.94444444444446,18
19058,3869,313,CILP,5,4,3871.090909090909,314.72727272727275,11
20218,2831,333,CILP,11,9,2835.8333333333335,337.01851851851853,54
20309,1935,335,CILP,4,4,1936.0,336.8,10
20352,4412,335,CILP,14,17,4418.177570093458,341.61682242990656,107
20438,3054,337,CILP,6,6,3055.909090909091,339.5,22
20692,4506,341,CILP,6,7,4508.263157894737,343.2105263157895,19
20808,4426,343,CILP,46,14,4448.830578512397,349.6363636363636,242
20920,3951,345,CILP,8,7,3955.3636363636365,348.3333333333333,33
21033,2733,347,CILP,8,9,2737.225,351.5,40
21068,4476,346,CILP,16,6,4484.166666666667,348.97222222222223,36
21535,3917,355,CILP,8,7,3920.575,358.35,40
21928,4177,360,CILP,12,12,4182.634615384615,366.9230769230769,52
21947,4465,360,CILP,10,11,4468.851063829788,365.59574468085106,47
22160,4190,365,CILP,5,6,4191.8,368.0,10
22196,450,367,CILP,10,9,453.93023255813955,370.25581395348837,43
22268,2373,367,CILP,12,12,2379.125,373.0113636363636,88
22272,2519,366,CILP,8,8,2522.8571428571427,369.39285714285717,28
22562,1331,373,CILP,10,12,1335.1521739130435,377.0652173913044,46
22742,3713,374,CILP,55,18,3739.6047516198705,381.5745140388769,463
22748,3798,374,CILP,5,5,3800.25,376.1666666666667,12
22777,4559,375,CILP,18,20,4567.005263157895,384.9157894736842,190
22780,4629,375,CILP,7,3,4631.7,376.4,10
22783,4963,375,CILP,5,3,4965.1,376.3,10
22853,3412,376,CILP,4,4,3413.6363636363635,377.09090909090907,11
23010,5223,379,CILP,11,8,5228.176470588235,382.6862745098039,51
23632,3709,391,CILP,5,4,3711.3,392.7,10
23671,5691,390,CILP,13,12,5696.225352112676,394.3943661971831,71
23777,5226,393,CILP,9,10,5230.408163265306,397.7551020408163,49
23850,3959,394,CILP,13,8,3965.0862068965516,397.58620689655174,58
23889,4948,394,CILP,5,6,4949.65,396.1,20
23895,5823,394,CILP,7,9,5825.807692307692,397.84615384615387,26
24011,5680,396,CILP,9,9,5684.666666666667,399.3611111111111,36
24056,1553,399,CILP,9,10,1556.3235294117646,402.2352941176471,34
24058,1562,399,CILP,3,10,1563.3636363636363,403.72727272727275,11
24089,3988,399,CILP,5,6,3989.769230769231,401.15384615384613,13
24090,3994,398,CILP,8,4,3996.8333333333335,399.5833333333333,12
24136,5892,398,CILP,4,5,5893.533333333334,400.26666666666665,15
24187,2137,401,CILP,6,4,2139.785714285714,402.42857142857144,14
24314,4052,402,CILP,5,11,4054.2631578947367,407.6842105263158,19
24316,4056,403,CILP,45,23,4075.6016483516482,416.59615384615387,364
24351,5601,402,CILP,7,8,5603.538461538462,404.38461538461536,26
24490,939,407,CILP,11,6,944.3214285714286,408.75,28
24573,4957,407,CILP,6,5,4959.538461538462,408.38461538461536,13
24776,3117,410,CILP,6,5,3119.0,411.55555555555554,18
24934,4858,412,CILP,32,31,4873.551546391753,427.5549828178694,582
24962,949,415,CILP,5,6,950.75,417.3125,16
25142,4026,416,CILP,6,7,4028.3684210526317,419.05263157894734,19
25143,4032,416,CILP,6,7,4034.285714285714,418.42857142857144,21
25271,291,420,CILP,12,9,296.2325581395349,423.4651162790698,43
25457,4037,422,CILP,7,4,4039.4,423.8,10
25579,4954,424,CILP,18,18,4962.712707182321,432.77348066298345,181
25584,4,426,CILP,11,9,8.757575757575758,429.42424242424244,33
25852,3708,430,CILP,13,11,3713.6710526315787,435.9736842105263,76
25860,4031,431,CILP,7,5,4034.230769230769,432.53846153846155,13
26055,3904,434,CILP,17,18,3910.86875,442.4625,160
26086,4738,435,CILP,5,5,4740.357142857143,437.07142857142856,14
26136,2307,436,CILP,6,4,2309.5833333333335,437.5833333333333,12
26375,5080,441,CILP,4,11,5081.347826086957,446.1304347826087,23
26388,751,443,CILP,13,16,756.0232558139535,449.22093023255815,86
26425,2958,443,CILP,5,7,2959.846153846154,446.61538461538464,13
26458,4329,443,CILP,5,5,4330.95,445.25,20
26470,5437,443,CILP,10,4,5441.238095238095,444.2857142857143,21
26511,2990,444,CILP,51,11,3015.017937219731,447.5919282511211,223
26513,3040,445,CILP,5,5,3042.3,447.0,10
26516,3234,445,CILP,11,5,3238.923076923077,446.8076923076923,26
26544,5370,444,CILP,5,4,5371.571428571428,445.7142857142857,14
26710,5311,449,CILP,6,4,5313.7,450.4,10
26712,5318,449,CILP,10,11,5322.453333333333,453.84,75
26774,3242,451,CILP,12,7,3246.1458333333335,453.8541666666667,48
26776,3661,450,CILP,18,20,3669.2549019607845,459.12745098039215,204
27032,4005,456,CILP,13,10,4010.8356164383563,460.4109589041096,73
27037,4271,457,CILP,15,15,4278.595588235294,464.58088235294116,136
27102,2544,459,CILP,7,6,2546.9583333333335,461.6666666666667,24
27126,5328,458,CILP,5,6,5329.9047619047615,460.04761904761904,21
27255,4221,462,CILP,6,8,4223.181818181818,466.0,22
27268,5104,463,CILP,16,11,5111.921052631579,468.9122807017544,114
27322,5580,465,CILP,21,17,5589.6466666666665,472.99333333333334,150
27416,3573,469,CILP,18,16,3580.6275862068965,477.048275862069,145
27453,3666,470,CILP,4,5,3667.25,471.4166666666667,12
27456,4230,470,CILP,6,3,4232.285714285715,471.07142857142856,14
27468,2839,472,CILP,8,6,2842.095238095238,475.1904761904762,21
27474,3971,473,CILP,28,24,3984.5073529411766,484.24754901960785,408
27480,5704,472,CILP,9,7,5708.1875,475.46875,32
27494,234,477,CILP,38,32,252.25688073394497,491.8519003931848,763
27498,3703,476,CILP,5,4,3705.0833333333335,478.0,12
27517,4623,480,CILP,38,22,4641.71198568873,490.4490161001789,559
27525,3298,482,CILP,17,20,3306.6433566433566,490.15384615384613,143
27531,1749,485,CILP,6,4,1751.5,486.44444444444446,18
27532,1836,485,CILP,12,4,1841.391304347826,486.69565217391306,23
27536,3116,485,CILP,10,9,3120.8863636363635,489.97727272727275,44
27555,4485,490,CILP,16,34,4492.29104477612,506.4440298507463,268
27569,4423,492,CILP,19,16,4433.148148148148,499.0987654320988,162
27574,1960,495,CILP,6,3,1962.2142857142858,496.14285714285717,14
27598,3688,496,CILP,5,5,3690.266666666667,497.6,15
27610,4621,496,CILP,5,7,4622.888888888889,498.8333333333333,18
27612,5271,497,CILP,23,24,5281.582608695652,508.9246376811594,345
27623,2817,499,CILP,15,18,2824.5698324022346,507.0,179
27655,2841,500,CILP,11,6,2845.9565217391305,503.0869565217391,23
27699,3397,502,CILP,20,19,3407.236714975845,510.0193236714976,207
27704,3813,502,CILP,14,52,3819.2263374485597,529.5061728395061,243
27741,2791,505,CILP,19,18,2799.327188940092,513.2764976958525,217
27758,3309,505,CILP,14,9,3316.9545454545455,509.54545454545456,44
27788,4936,505,CILP,5,4,4937.9375,506.3125,16
27791,5165,505,CILP,11,10,5169.414634146341,508.3170731707317,41
28118,4655,513,CILP,9,9,4659.472222222223,517.25,36
28160,3056,515,CILP,6,7,3058.1875,518.3125,16
28305,4792,517,CILP,6,4,4794.857142857143,518.5714285714286,14
28423,3070,521,CILP,22,17,3080.9591836734694,528.734693877551,245
28427,3376,520,CILP,6,7,3378.1052631578946,522.8421052631579,19
28429,3519,521,CILP,22,22,3529.359223300971,531.1715210355987,309
28493,5274,520,CILP,9,4,5277.642857142857,521.2142857142857,14
28507,1628,522,CILP,9,7,1631.4772727272727,524.6136363636364,44
28534,3631,523,CILP,59,30,3658.5974165769644,538.1011840688913,929
28681,646,527,CILP,9,13,649.2448979591836,532.5510204081633,49
28853,1394,530,CILP,9,8,1397.46875,533.1875,32
29008,5182,533,CILP,17,23,5189.786259541985,544.9007633587786,131
29097,5194,534,CILP,9,10,5198.363636363636,537.7954545454545,44
29109,1103,536,CILP,13,12,1110.1688311688313,542.1428571428571,77
29202,2154,538,CILP,7,4,2157.0714285714284,539.4285714285714,14
29432,4157,542,CILP,8,14,4160.75,548.925,40
29469,3056,544,CILP,20,15,3065.9102564102564,551.5705128205128,156
29474,3695,545,CILP,6,5,3697.6666666666665,546.4666666666667,15
29526,4904,544,CILP,31,23,4917.522727272727,555.4217171717172,396
29533,5688,545,CILP,24,31,5699.685436893204,559.3728155339805,515
29626,5598,547,CILP,4,5,5599.733333333334,549.3333333333334,15
29658,3427,549,CILP,6,6,3429.4285714285716,551.9285714285714,14
29760,3411,551,CILP,23,22,3421.8852459016393,562.3508196721311,305
29824,5888,550,CILP,8,6,5890.6,552.35,20
29825,5928,550,CILP,36,38,5945.675409836065,568.6120218579235,915
29834,1102,552,CILP,4,4,1103.6363636363637,553.6363636363636,11
29884,4121,552,CILP,10,9,4125.081081081081,556.3783783783783,37
29946,3897,555,CILP,29,29,3911.867237687366,569.2462526766595,467
29983,5476,555,CILP,30,29,5490.07731092437,570.2218487394958,595
29984,5507,555,CILP,6,6,5509.631578947368,557.6315789473684,19
30081,5199,556,CILP,6,8,5201.181818181818,559.8181818181819,22
30259,5866,561,CILP,28,28,5878.891344383057,575.0073664825046,543
30272,1508,562,CILP,6,5,1510.6,564.0,20
30284,3536,563,CILP,4,4,3537.6363636363635,564.2727272727273,11
30323,4122,562,CILP,4,6,4123.7,564.6,10
30359,236,565,CILP,12,12,241.68115942028984,569.1884057971015,69
30608,424,571,CILP,11,7,428.72727272727275,573.5227272727273,44
30621,2727,570,CILP,13,12,2733.434210526316,575.828947368421,76
30774,5180,573,CILP,44,42,5201.026371308017,593.0,948
30845,4038,574,CILP,38,33,4056.452807646356,589.757467144564,837
30853,4221,574,CILP,21,19,4230.702222222222,583.8444444444444,225
30887,2242,576,CILP,23,20,2252.8779527559054,586.4133858267717,254
30890,2628,577,CILP,26,27,2640.8021739130436,589.6434782608695,460
30968,2408,578,CILP,14,13,2414.1929824561403,584.3947368421053,114
31053,2454,581,CILP,34,29,2470.4200743494425,595.6635687732341,538
31096,4115,581,CILP,39,38,4134.988577362409,599.6137071651091,963
31111,5381,581,CILP,7,5,5383.388888888889,582.8333333333334,18
31140,2224,582,CILP,17,15,2231.8540145985403,589.5182481751825,137
31208,5715,582,CILP,28,33,5727.607985480944,597.7785843920145,551
31286,4778,584,CILP,19,16,4786.453201970443,591.9310344827586,203
31361,4607,586,CILP,30,34,4623.558490566038,603.2735849056604,530
31370,5351,587,CILP,46,31,5375.927738927739,601.0326340326341,858
31383,391,588,CILP,10,8,395.9148936170213,590.8936170212766,47
31493,2848,590,CILP,40,25,2867.3728813559323,602.5161787365178,649
31571,2302,592,CILP,17,16,2310.309523809524,599.4285714285714,168
31721,5644,595,CILP,7,6,5646.388888888889,596.8888888888889,18
31795,4560,596,CILP,10,10,4565.028571428571,600.5,70
31796,4706,597,CILP,30,31,4720.741518578352,612.2633279483038,619
31813,1576,599,CILP,9,7,1579.4848484848485,601.8787878787879,33
31877,4798,599,CILP,19,19,4807.392156862745,608.5147058823529,204
31897,899,601,CILP,10,9,903.1538461538462,604.9487179487179,39
32080,3271,605,CILP,4,4,3272.5833333333335,606.0833333333334,12
32082,3698,604,CILP,22,18,3708.9036144578313,612.5020080321285,249
32140,5647,605,CILP,42,44,5667.237472766885,626.5860566448802,918
32227,4894,607,CILP,20,20,4903.920152091255,616.7110266159696,263
32321,5752,609,CILP,23,20,5762.61320754717,618.6037735849056,318
32341,3221,610,CILP,10,10,3226.0877192982457,614.9298245614035,57
32371,4995,611,CILP,5,4,4997.461538461538,612.6923076923077,13
32450,5194,613,CILP,5,4,5196.153846153846,614.8461538461538,13
32484,3198,615,CILP,5,5,3200.1,616.85,20
32550,5626,614,CILP,9,9,5629.961538461538,617.7884615384615,52
32665,1815,619,CILP,9,7,1818.7931034482758,622.2758620689655,29
32671,3058,618,CILP,19,20,3066.4326530612243,627.9306122448979,245
32738,5374,618,CILP,21,18,5383.712,626.056,250
32865,3201,622,CILP,29,28,3215.0365853658536,635.9654471544716,492
32891,3934,622,CILP,32,35,3948.646322378717,641.1940532081377,639
32922,5058,622,CILP,23,22,5069.484615384616,631.2692307692307,260
32929,5949,623,CILP,31,31,5964.167893961709,637.9970544918998,679
32977,3952,624,CILP,7,4,3954.7,625.5,10
33099,4942,626,CILP,13,15,4948.0,633.0782608695653,115
33191,4924,628,CILP,7,4,4926.7692307692305,629.6153846153846,13
33302,2595,632,CILP,9,4,2599.086956521739,633.2608695652174,23
33359,5345,633,CILP,22,24,5354.926045016077,643.3311897106109,311
33378,1429,635,CILP,6,7,1431.5666666666666,638.5333333333333,30
33390,2459,635,CILP,7,6,2462.25,637.625,24
33637,1241,640,CILP,10,8,1246.219512195122,642.9512195121952,41
33650,2752,641,CILP,8,9,2755.551724137931,644.4137931034483,29
33742,2629,643,CILP,25,20,2641.710344827586,652.8344827586207,290
33833,1107,644,CILP,13,11,1112.8082191780823,649.8219178082192,73
33841,2351,645,CILP,28,29,2363.932075471698,658.8641509433962,530
33855,3150,644,CILP,10,8,3154.2432432432433,647.0540540540541,37
33911,5086,645,CILP,8,6,5089.92,648.16,25
33917,5134,644,CILP,45,34,5156.574700109051,660.1275899672846,917
33948,2194,646,CILP,17,21,2202.757281553398,657.4368932038835,206
33959,3288,646,CILP,33,35,3304.321329639889,661.7673130193906,722
34066,3202,648,CILP,5,5,3204.1,650.2,10
34146,2685,651,CILP,4,4,2686.5454545454545,653.0,11
34159,3330,651,CILP,30,36,3345.4491017964074,668.5404191616766,668
34323,5506,652,CILP,12,13,5512.0,657.2857142857143,77
34344,2117,655,CILP,15,17,2124.607407407407,663.8518518518518,135
34441,2099,657,CILP,8,6,2102.3529411764707,659.8235294117648,17
34446,2279,657,CILP,38,28,2300.580121703854,671.5152129817444,493
34540,2132,659,CILP,10,12,2136.4411764705883,664.1911764705883,68
34541,2279,659,CILP,8,9,2281.9285714285716,662.8928571428571,28
34735,723,663,CILP,10,7,726.7777777777778,666.0277777777778,36
34750,2093,662,CILP,13,11,2098.84,667.3066666666666,75
34817,4497,663,CILP,34,30,4513.108148148148,677.0696296296296,675
34835,561,665,CILP,10,8,565.5263157894736,668.2105263157895,38
34939,56,667,CILP,13,12,62.50877192982456,671.438596491228,57
35081,2943,668,CILP,5,5,2945.2,669.6,15
35137,4850,668,CILP,8,8,4853.625,671.425,40
35166,2034,671,CILP,28,26,2047.52,683.5355555555556,450
35233,4861,671,CILP,12,13,4866.302325581395,676.9883720930233,86
35243,5597,671,CILP,6,7,5599.357142857143,674.4642857142857,28
35319,4779,672,CILP,6,5,4780.764705882353,674.0,17
35323,5260,672,CILP,5,6,5261.913043478261,674.1739130434783,23
35327,5503,672,CILP,17,20,5511.078947368421,680.2105263157895,152
35376,3482,674,CILP,5,5,3484.470588235294,676.2352941176471,17
35617,5030,678,CILP,47,41,5053.289144050104,698.2922755741128,958
35648,2956,681,CILP,42,30,2977.4827586206898,695.2140804597701,696
35667,3965,681,CILP,8,4,3968.9166666666665,682.4166666666666,12
35679,4200,680,CILP,38,37,4218.176093916755,698.4044823906083,937
35705,5834,680,CILP,34,30,5850.454545454545,694.5922459893048,748
35730,3522,682,CILP,5,4,3524.4,683.8,10
35766,4129,682,CILP,31,49,4144.482721382289,705.9136069114471,926
35823,3639,684,CILP,14,13,3645.7419354838707,691.2258064516129,93
35950,4432,686,CILP,5,6,4434.071428571428,688.2142857142857,14
36199,2170,695,CILP,5,3,2172.4166666666665,696.1666666666666,12
36296,2640,697,CILP,27,26,2653.4493670886077,709.1772151898734,474
36398,3890,698,CILP,29,31,3904.575238095238,713.375238095238,525
36426,5195,698,CILP,8,11,5199.020833333333,703.3958333333334,48
36429,5485,699,CILP,11,10,5490.072463768116,703.0579710144928,69
36431,5507,698,CILP,19,23,5516.996296296296,709.8148148148148,270
36432,5552,698,CILP,30,33,5565.637298091043,713.784140969163,681
36501,5274,700,CILP,8,6,5277.0,702.6,20
36549,3778,703,CILP,5,5,3779.818181818182,704.7272727272727,11
36679,4846,704,CILP,12,15,4851.103896103896,711.5714285714286,77
36779,5979,706,CILP,5,5,5980.727272727273,707.3636363636364,11
36955,3129,712,CILP,32,31,3145.2442748091603,727.8977099236641,655
36965,3764,712,CILP,32,32,3778.873156342183,727.9675516224189,678
37114,3506,717,CILP,28,36,3519.5450762829405,734.7961165048544,721
37175,1100,719,CILP,11,8,1104.6382978723404,722.1489361702128,47
37313,5056,720,CILP,9,6,5059.857142857143,722.2,35
37401,1999,724,CILP,6,5,2001.5555555555557,726.3888888888889,18
37411,2501,724,CILP,38,32,2520.171939477304,740.2077028885832,727
37482,2015,726,CILP,35,30,2031.6765957446808,739.2659574468086,470
37694,4239,731,CILP,26,25,4251.744343891402,743.0950226244344,442
37793,5019,732,CILP,21,18,5028.868292682927,741.1512195121951,205
37877,4979,735,CILP,5,3,4980.909090909091,735.8181818181819,11
37880,5041,735,CILP,22,19,5051.86511627907,744.2883720930232,215
37899,1678,736,CILP,8,3,1681.642857142857,737.3571428571429,14
37961,5903,737,CILP,28,24,5915.952830188679,748.683962264151,424
37983,1670,738,CILP,16,14,1676.987951807229,745.289156626506,83
37990,2223,739,CILP,8,5,2226.9,741.55,20
38069,2291,741,CILP,6,9,2293.681818181818,744.6363636363636,22
38144,1562,742,CILP,10,8,1565.741935483871,745.2903225806451,31
38201,4298,742,CILP,15,16,4305.218181818182,750.1909090909091,110
38280,4462,744,CILP,36,34,4479.855483870968,760.6322580645161,775
38285,5298,745,CILP,19,16,5307.724637681159,752.3188405797101,207
38325,3590,747,CILP,11,9,3594.712121212121,750.530303030303,66
38389,395,748,CILP,13,10,400.271186440678,752.3220338983051,59
38390,844,748,CILP,8,6,847.36,750.6,25
38414,3374,749,CILP,10,8,3379.1951219512193,752.439024390244,41
38484,1663,751,CILP,7,5,1665.3684210526317,753.1052631578947,19
38492,2222,750,CILP,5,5,2224.5,752.0,10
38499,3012,750,CILP,18,15,3019.9875,757.2125,160
38534,4332,751,CILP,10,9,4337.0,755.2285714285714,35
38572,2070,753,CILP,39,35,2088.900755124056,770.1078748651564,927
38664,2225,754,CILP,8,7,2228.5238095238096,757.0,21
38711,4425,755,CILP,34,45,4441.05125,778.6075,800
38765,3689,757,CILP,14,13,3696.0636363636363,763.1818181818181,110
38812,5814,756,CILP,35,32,5831.230473751601,771.9641485275288,781
39127,2893,765,CILP,14,11,2899.7042253521126,769.7605633802817,71
39167,4379,764,CILP,7,4,4382.727272727273,765.3636363636364,11
39208,1605,767,CILP,20,21,1615.594470046083,777.0276497695853,217
39220,2327,766,CILP,25,32,2338.8352713178297,782.8003875968992,516
39236,2805,767,CILP,4,5,2806.3,768.7,10
39237,2884,767,CILP,6,5,2886.9166666666665,769.25,12
39310,2388,769,CILP,6,9,2390.04,773.16,25
39451,4283,771,CILP,28,28,4296.781038374718,783.9774266365688,443
39477,1402,773,CILP,18,19,1409.5531914893618,781.354609929078,141
39511,2877,773,CILP,13,10,2882.4626865671644,777.5522388059702,67
39569,5193,773,CILP,35,36,5210.358669833729,790.3586698337292,842
39600,2550,775,CILP,10,7,2554.972972972973,777.7837837837837,37
39603,2565,774,CILP,10,11,2569.435483870968,778.6129032258065,62
39604,2736,774,CILP,6,7,2738.0,777.1818181818181,22
39672,5319,775,CILP,15,10,5326.294871794872,779.6410256410256,78
39682,1396,777,CILP,6,7,1397.5555555555557,780.0,18
39684,1646,777,CILP,6,4,1648.6153846153845,778.3846153846154,13
39802,3765,778,CILP,31,39,3779.776376146789,795.795871559633,872
39841,4878,779,CILP,36,29,4894.565789473684,791.9703947368421,608
39883,1976,781,CILP,38,23,1993.6625766871166,793.0899795501023,489
39932,4763,780,CILP,7,4,4765.4,781.8666666666667,15
39987,3859,783,CILP,4,4,3860.2,784.8,10
40005,4500,782,CILP,26,28,4512.603070175439,796.3837719298245,456
40011,5594,782,CILP,27,27,5606.8566037735845,795.9037735849057,530
40042,2639,784,CILP,11,12,2643.984375,789.109375,64
40101,5566,784,CILP,25,23,5577.400602409639,794.8373493975904,332
40151,4054,786,CILP,38,38,4071.653401797176,805.4223363286264,779
40253,5779,789,CILP,5,4,5781.083333333333,790.8333333333334,12
40368,3853,792,CILP,23,22,3863.331983805668,803.0364372469636,247
40370,3921,792,CILP,36,35,3939.0,809.4353562005277,758
40388,4351,793,CILP,21,21,4361.236641221374,803.8549618320611,262
40585,3589,798,CILP,37,38,3608.223234624146,816.9464692482916,878
40657,1642,801,CILP,18,16,1650.054054054054,808.2837837837837,148
40707,233,802,CILP,13,11,238.52380952380952,806.3015873015873,63
40722,1859,802,CILP,7,8,1861.918918918919,805.3783783783783,37
40729,2208,803,CILP,14,12,2214.717391304348,809.2282608695652,92
40743,2627,803,CILP,25,18,2639.8056680161944,811.834008097166,247
40799,1881,804,CILP,7,5,1884.1153846153845,806.0384615384615,26
40874,1494,806,CILP,47,34,1516.1061394380854,822.6555671175859,961
41025,1869,810,CILP,5,7,1870.75,812.5833333333334,24
41035,2467,811,CILP,6,6,2469.5384615384614,813.6153846153846,13
41102,2234,813,CILP,33,49,2248.173435784852,840.0658616904501,911
41175,1704,815,CILP,20,22,1713.898916967509,825.3321299638989,277
41263,2351,817,CILP,32,26,2367.2198581560283,829.4237588652483,564
41278,3723,816,CILP,28,28,3736.6244725738397,830.0632911392405,474
41326,5946,817,CILP,28,32,5959.4390243902435,832.9581881533101,574
41429,3291,821,CILP,6,6,3293.5789473684213,824.0,19
41622,5074,825,CILP,21,19,5083.490990990991,833.7612612612612,222
41640,1232,826,CILP,17,15,1239.3181818181818,831.9924242424242,132
41717,1177,829,CILP,10,13,1181.0350877192982,834.2631578947369,57
41747,3027,829,CILP,30,27,3040.9457364341083,841.6763565891473,516
41763,3922,828,CILP,19,18,3930.5274261603377,836.7299578059071,237
41805,1562,830,CILP,16,17,1570.3506493506493,837.8766233766233,154
41818,2647,830,CILP,7,8,2649.931818181818,834.1590909090909,44
41896,1304,832,CILP,11,10,1308.4528301886792,836.3018867924528,53
41921,2567,833,CILP,41,31,2587.255214723926,848.3656441717792,815
41937,3891,833,CILP,11,9,3895.1428571428573,836.9285714285714,42
41964,5238,832,CILP,17,13,5245.639639639639,837.990990990991,111
41988,1382,834,CILP,6,4,1384.3157894736842,835.6842105263158,19
42043,4483,834,CILP,7,6,4486.227272727273,836.1818181818181,22
42096,3657,837,CILP,20,19,3666.2580645161293,845.9723502304147,217
42128,4272,836,CILP,37,34,4290.470223325062,852.710918114144,806
42260,1263,841,CILP,26,24,1275.5257731958764,852.0154639175257,388
42267,1633,840,CILP,22,19,1643.8642533936652,849.4751131221719,221
42269,1757,840,CILP,26,28,1770.024175824176,852.9406593406593,455
42303,4076,841,CILP,10,10,4080.576271186441,845.9322033898305,59
42315,4774,840,CILP,23,32,4785.371196754564,856.9655172413793,493
42372,2967,842,CILP,6,5,2969.6363636363635,843.6363636363636,22
42378,3004,843,CILP,6,3,3006.5,844.0,12
42418,5923,842,CILP,17,19,5931.885906040268,850.9127516778524,149
42439,1985,845,CILP,8,7,1988.6176470588234,848.2941176470588,34
42451,2763,844,CILP,9,9,2766.951219512195,848.1951219512196,41
42520,1860,847,CILP,20,19,1869.129943502825,854.9887005649717,177
42620,3458,848,CILP,6,6,3460.3684210526317,850.6315789473684,19
42642,4001,848,CILP,18,21,4009.9844357976654,856.6147859922179,257
42746,5875,851,CILP,14,17,5881.068181818182,860.1969696969697,132
42763,1904,852,CILP,17,17,1912.767857142857,859.875,168
42771,2380,853,CILP,24,33,2391.5454545454545,869.2954545454545,528
42777,2770,853,CILP,10,7,2774.90625,856.5,32
42838,1375,855,CILP,6,4,1377.1538461538462,856.5384615384615,13
42873,3708,855,CILP,25,25,3720.3213429256593,867.136690647482,417
42880,3812,855,CILP,32,36,3827.420785804816,872.2585551330799,789
42899,4132,854,CILP,35,35,4148.681551116334,870.9365452408931,851
42914,5288,855,CILP,39,32,5307.22800495663,870.2329615861214,807
42950,2779,857,CILP,11,13,2783.696629213483,863.370786516854,89
42972,3937,856,CILP,11,11,3941.6,861.2,60
43001,6012,856,CILP,20,19,6021.637254901961,863.8088235294117,204
43011,1123,858,CILP,10,7,1127.8333333333333,861.3666666666667,30
43068,4051,859,CILP,39,40,4069.46887966805,877.9429460580913,964
43108,1652,860,CILP,5,5,1654.6153846153845,861.6923076923077,13
43154,4924,861,CILP,6,3,4926.8,862.0,10
43164,1184,863,CILP,4,4,1185.4166666666667,864.9166666666666,12
43177,2346,863,CILP,5,7,2347.722222222222,865.8333333333334,18
43248,1350,864,CILP,4,5,1351.7,866.2,10
43288,4709,864,CILP,20,22,4717.869281045751,875.0751633986928,306
43292,4915,865,CILP,19,16,4923.50289017341,872.4219653179191,173
43305,733,867,CILP,10,7,737.3846153846154,869.3461538461538,26
43330,3402,867,CILP,35,31,3419.5876288659792,882.098674521355,679
43361,4866,867,CILP,21,23,4875.88961038961,878.3571428571429,308
43468,889,871,CILP,6,5,891.4666666666667,872.4,15
43483,2187,871,CILP,6,5,2189.733333333333,873.4,15
43484,2489,871,CILP,13,12,2494.75641025641,876.1282051282051,78
43563,2808,873,CILP,40,31,2825.972307692308,888.1815384615385,650
43755,1269,879,CILP,35,20,1288.406876790831,888.1117478510029,349
43796,4348,879,CILP,9,7,4352.090909090909,881.5454545454545,22
43890,2043,882,CILP,34,28,2058.757042253521,894.830985915493,568
44076,2722,889,CILP,25,24,2734.137299771167,900.1876430205949,437
44145,3306,891,CILP,35,30,3322.297256097561,904.5121951219512,656
44165,4171,891,CILP,31,33,4185.153724247227,907.2900158478606,631
44215,3718,893,CILP,36,23,3736.6980769230768,902.5423076923076,520
44248,5324,892,CILP,31,30,5338.269592476489,906.4122257053292,638
44251,5576,892,CILP,24,22,5587.806060606061,902.0121212121212,330
44317,5038,895,CILP,39,40,5055.315384615385,917.2338461538461,650
44331,1083,897,CILP,7,8,1086.142857142857,900.75,28
44340,1426,896,CILP,22,20,1435.8740458015268,905.2900763358779,262
44457,5730,898,CILP,26,20,5744.237918215614,907.2453531598513,269
44479,2375,901,CILP,36,32,2393.608108108108,916.7432432432432,666
44534,5762,901,CILP,13,12,5768.806451612903,906.3870967741935,62
44589,5075,902,CILP,48,54,5097.931794333683,927.797481636936,953
44628,3603,905,CILP,43,30,3624.211711711712,920.1813063063063,888
44651,4126,905,CILP,7,7,4128.571428571428,907.6190476190476,21
44682,1615,907,CILP,24,21,1625.8446601941748,916.8576051779935,309
44690,2937,907,CILP,5,6,2939.4,909.5333333333333,15
44692,3033,907,CILP,11,13,3038.318181818182,912.7727272727273,88
44769,4800,909,CILP,22,23,4812.023026315789,920.3092105263158,304
44845,2154,912,CILP,15,13,2160.3333333333335,918.6203703703703,108
44871,4825,912,CILP,6,9,4827.166666666667,916.5,24
44938,1043,917,CILP,10,7,1047.0645161290322,920.9032258064516,31
44981,5261,917,CILP,35,27,5278.2302521008405,930.5865546218488,595
44983,5912,917,CILP,20,21,5920.980158730159,928.3968253968254,252
44987,1018,919,CILP,20,20,1027.3688212927757,927.9695817490494,263
44998,2482,918,CILP,24,24,2494.019417475728,929.3559870550162,309
45069,4940,921,CILP,35,22,4956.166666666667,929.8825136612022,366
45094,4404,922,CILP,35,30,4421.119117647058,938.2102941176471,680
45151,2696,927,CILP,39,34,2715.6058230683093,942.8678611422173,893
45154,3310,927,CILP,13,13,3315.6822429906542,933.4579439252336,107
45177,5424,926,CILP,14,13,5429.337209302325,932.3604651162791,86
45178,5468,926,CILP,6,4,5470.214285714285,927.3571428571429,14
45213,1234,930,CILP,7,3,1237.0,930.5454545454545,11
45238,1357,933,CILP,27,21,1367.9969325153374,943.2453987730062,326
45260,5437,932,CILP,17,15,5443.913793103448,938.301724137931,116
45264,1636,935,CILP,38,30,1654.3082489146166,948.9218523878437,691
45266,2024,935,CILP,20,19,2033.952153110048,943.1531100478469,209
45274,3328,934,CILP,7,11,3331.3548387096776,939.7096774193549,31
45305,4950,938,CILP,27,22,4962.496259351621,948.3491271820449,401
45312,1315,941,CILP,33,22,1334.0438871473355,951.1567398119122,319
45314,1978,941,CILP,30,27,1992.301247771836,953.6684491978609,561
45317,4109,941,CILP,7,4,4112.307692307692,942.6923076923077,13
45331,2981,942,CILP,6,7,2984.3333333333335,945.8666666666667,15
45341,1212,945,CILP,25,21,1223.2659279778393,954.8836565096952,361
45348,3220,944,CILP,41,42,3239.0127795527155,964.5473908413205,939
45350,3801,945,CILP,4,4,3802.6363636363635,946.8181818181819,11
45351,4065,945,CILP,35,32,4082.7181008902076,960.0816023738872,674
45365,3159,947,CILP,33,29,3174.8371735791093,960.9477726574501,651
45379,1391,948,CILP,24,21,1402.7730061349694,957.9969325153374,326
45397,1139,951,CILP,22,19,1148.5020920502093,959.9246861924686,239
45435,3869,952,CILP,7,6,3871.3125,954.4375,16
45475,5397,954,CILP,21,17,5406.469135802469,962.2427983539095,243
45486,2136,956,CILP,34,32,2151.991814461119,971.975443383356,733
45492,2676,957,CILP,5,3,2678.0833333333335,957.75,12
45591,1297,961,CILP,20,23,1306.7584745762713,971.0169491525423,236
45719,355,964,CILP,6,6,357.52941176470586,966.2352941176471,17
45900,5034,967,CILP,5,6,5036.04,969.4,25
45903,5556,967,CILP,26,30,5568.585127201565,982.1565557729941,511
45905,5678,967,CILP,7,5,5681.125,969.0625,16
45988,3347,969,CILP,33,30,3363.362804878049,983.5625,656
46040,760,971,CILP,18,23,767.9375,981.4553571428571,224
46160,5460,970,CILP,30,19,5475.935251798561,979.7338129496403,278
46199,1859,973,CILP,25,24,1871.7066326530612,984.6326530612245,392
46200,2301,973,CILP,27,28,2313.77449168207,986.6025878003696,541
46384,4457,974,CILP,38,42,4476.11305241521,995.3319630010277,973
46395,5407,974,CILP,16,18,5414.109195402299,982.8735632183908,174
46503,4338,976,CILP,34,27,4353.1038338658145,989.4105431309904,626
46510,4557,976,CILP,21,22,4566.704845814978,987.7885462555066,227
46752,4898,981,CILP,10,13,4902.752941176471,987.0705882352942,85
46760,156,982,CILP,7,9,159.26666666666668,985.3333333333334,30
47016,4542,984,CILP,15,13,4548.48,990.57,100
47041,808,986,CILP,15,17,814.0940170940171,995.5641025641025,117
47160,658,988,CILP,3,10,659.0,992.4666666666667,15
47162,664,988,CILP,4,7,665.0833333333334,990.4166666666666,12
47170,825,989,CILP,14,10,830.8421052631579,992.859649122807,57
47237,3437,988,CILP,22,18,3447.557603686636,996.3732718894009,217
47238,3462,988,CILP,5,7,3463.9166666666665,990.3333333333334,12
47351,3020,991,CILP,33,35,3035.8394366197185,1007.6464788732394,710
47428,1264,993,CILP,38,36,1282.0088691796009,1010.6263858093126,902
47458,2049,993,CILP,30,29,2063.069679849341,1008.1148775894538,531
47461,2245,993,CILP,29,28,2259.488695652174,1006.5078260869565,575
48153,2973,1002,CILP,19,20,2982.1674418604653,1011.9581395348837,215
48322,3566,1004,CILP,13,13,3571.6639344262294,1010.0737704918033,122
48331,3653,1005,CILP,34,41,3668.633849557522,1024.5929203539822,904
48362,5505,1005,CILP,6,5,5507.307692307692,1007.1538461538462,13
48369,652,1006,CILP,24,30,663.036231884058,1021.5048309178744,414
48511,1076,1008,CILP,4,4,1077.7,1009.2,10
48513,1086,1008,CILP,22,22,1096.065134099617,1018.2260536398468,261
48621,4177,1008,CILP,26,27,4189.521739130435,1020.2732919254659,483
48637,5302,1009,CILP,35,27,5319.201376936317,1022.289156626506,581
48650,1318,1010,CILP,27,31,1331.064393939394,1025.5113636363637,528
48695,2965,1010,CILP,8,7,2968.1153846153848,1013.3461538461538,26
48855,3470,1012,CILP,34,30,3487.1201848998458,1026.2496147919876,649
49045,4511,1014,CILP,8,9,4514.8,1018.1666666666666,30
49181,4406,1016,CILP,29,29,4420.27205882353,1029.9025735294117,544
49430,3965,1021,CILP,24,30,3976.6843373493975,1035.7084337349397,415
49454,5676,1020,CILP,28,25,5689.507128309572,1032.2097759674134,491
49458,532,1023,CILP,26,24,543.8633540372671,1033.5621118012423,322
49588,4853,1023,CILP,7,4,4855.428571428572,1024.2142857142858,14
49599,1067,1025,CILP,6,4,1069.7,1026.6,10
49609,1611,1024,CILP,26,24,1622.3933823529412,1035.5955882352941,272
49676,3246,1024,CILP,40,50,3264.301033591731,1047.1059431524548,774
49726,4973,1025,CILP,38,42,4991.609485368314,1045.7467204843592,991
49736,690,1027,CILP,8,3,693.0555555555555,1028.2777777777778,18
49768,1862,1026,CILP,31,33,1876.3057228915663,1042.1566265060242,664
49993,677,1031,CILP,6,6,679.2857142857143,1033.2857142857142,14
49994,685,1031,CILP,6,4,687.6666666666666,1032.25,12
50183,2616,1032,CILP,27,26,2630.2595744680852,1045.6234042553192,470
50283,832,1035,CILP,38,36,849.9681069958848,1052.888888888889,972
50324,2863,1035,CILP,9,9,2867.1176470588234,1038.2941176470588,34
50516,3911,1036,CILP,9,8,3915.404761904762,1039.5714285714287,42
50541,5298,1037,CILP,5,4,5300.090909090909,1038.6363636363637,11
50545,5702,1036,CILP,16,20,5709.288235294118,1046.4,170
50559,740,1038,CILP,35,39,756.9832460732985,1056.7371727748691,955
50568,1504,1038,CILP,37,36,1521.5649122807017,1055.4783625730995,855
50583,2116,1039,CILP,10,14,2120.313131313131,1045.3131313131314,99
50690,5018,1038,CILP,6,6,5020.5,1040.15,20
50774,2827,1041,CILP,26,22,2839.1792452830186,1050.7987421383648,318
50871,576,1042,CILP,7,9,579.3548387096774,1045.3548387096773,31
50880,1238,1042,CILP,30,29,1252.8563535911603,1056.4530386740332,543
50988,5051,1043,CILP,18,19,5059.958139534884,1052.2325581395348,215
51123,5037,1045,CILP,5,5,5039.076923076923,1047.3846153846155,13
51282,592,1048,CILP,15,13,600.2444444444444,1054.1444444444444,90
51363,3245,1049,CILP,5,4,3247.133333333333,1050.4666666666667,15
51431,5176,1049,CILP,29,25,5189.963414634146,1061.2024390243903,410
51519,3288,1051,CILP,8,11,3291.6666666666665,1056.2424242424242,33
51566,4823,1050,CILP,5,6,4825.8125,1052.25,16
51612,1716,1053,CILP,6,8,1718.6666666666667,1056.5833333333333,24
51724,5834,1053,CILP,30,27,5848.868613138686,1066.5182481751824,548
52051,471,1059,CILP,9,7,475.3333333333333,1061.4761904761904,21
52262,2651,1060,CILP,23,25,2661.966966966967,1072.4624624624626,333
52287,3115,1061,CILP,31,32,3129.282644628099,1076.310743801653,605
52506,669,1065,CILP,12,10,673.9,1069.94,50
52656,5369,1064,CILP,11,13,5373.886363636364,1070.3977272727273,88
52802,4751,1067,CILP,39,24,4770.240549828179,1079.127147766323,582
52807,5174,1066,CILP,6,10,5175.925925925926,1070.6296296296296,27
52906,3488,1069,CILP,30,26,3501.581939799331,1080.371237458194,299
52998,2250,1070,CILP,5,5,2252.0,1071.4736842105262,19
53085,4044,1071,CILP,8,6,4046.7619047619046,1073.2380952380952,21
53099,5047,1071,CILP,7,5,5050.047619047619,1072.6666666666667,21
53294,1752,1074,CILP,31,30,1767.5210084033613,1087.8201680672269,595
53313,2628,1074,CILP,19,18,2636.3152173913045,1081.695652173913,184
53390,4295,1074,CILP,20,20,4305.023166023166,1083.2239382239381,259
53408,5268,1074,CILP,13,16,5274.072164948454,1080.701030927835,97
53466,2782,1077,CILP,34,36,2796.935444579781,1093.9926918392205,821
53665,3632,1079,CILP,4,5,3633.4666666666667,1081.1333333333334,15
53694,4374,1079,CILP,39,38,4392.898597626753,1097.2394822006472,927
53706,5906,1078,CILP,25,27,5918.0241758241755,1091.6307692307691,455
53730,1716,1080,CILP,5,5,1717.764705882353,1081.8235294117646,17
53816,3937,1080,CILP,5,6,3939.25,1082.0,16
53861,1463,1082,CILP,5,4,1464.6,1083.1,10
53944,3408,1083,CILP,5,6,3410.153846153846,1086.1538461538462,13
54164,1024,1087,CILP,25,20,1036.4635761589404,1097.0629139072848,302
54243,3412,1086,CILP,7,7,3415.6470588235293,1089.7058823529412,17
54305,5499,1086,CILP,21,18,5508.724489795918,1093.908163265306,196
54455,5580,1088,CILP,21,24,5589.402234636871,1099.9357541899442,358
54623,1659,1092,CILP,9,6,1663.225806451613,1094.2903225806451,31
54638,2407,1093,CILP,5,5,2409.2727272727275,1094.909090909091,11
54906,4064,1095,CILP,38,38,4082.4794383149447,1113.7673019057172,997
54937,1304,1097,CILP,34,33,1321.3204787234042,1112.8018617021276,752
55040,4049,1096,CILP,14,10,4055.060606060606,1100.439393939394,66
55063,5286,1096,CILP,29,33,5299.891935483871,1111.0967741935483,620
55066,603,1099,CILP,35,32,619.5405759162304,1114.9502617801047,764
55197,4477,1099,CILP,35,40,4493.5158027812895,1118.3944374209862,791
55201,4804,1099,CILP,14,15,4810.278195488721,1106.1052631578948,133
55226,1535,1101,CILP,14,7,1541.5121951219512,1103.2439024390244,41
55328,3970,1100,CILP,5,6,3972.25,1103.0833333333333,12
55558,3098,1104,CILP,7,5,3101.16,1106.16,25
55617,4115,1105,CILP,26,27,4126.745575221239,1118.7057522123894,452
55620,4176,1104,CILP,55,26,4203.9281314168375,1116.4373716632444,974
55783,5387,1106,CILP,22,22,5397.285714285715,1116.219512195122,287
55931,5427,1108,CILP,20,19,5436.807531380753,1116.8326359832636,239
56064,4632,1110,CILP,32,42,4646.702882483371,1131.039911308204,902
56242,131,1115,CILP,6,3,133.16666666666666,1116.0,12
56434,2145,1116,CILP,32,33,2160.025757575758,1131.810606060606,660
56450,2654,1117,CILP,4,4,2655.5454545454545,1118.8181818181818,11
56553,1598,1118,CILP,32,30,1613.9968454258676,1132.6908517350157,634
56822,4711,1120,CILP,50,30,4735.02729528536,1133.7357320099256,806
57002,514,1124,CILP,9,4,518.0714285714286,1125.5,14
57011,866,1125,CILP,26,24,878.7566137566138,1136.2328042328043,378
57021,1518,1125,CILP,5,4,1519.3846153846155,1126.1538461538462,13
57114,3748,1124,CILP,6,8,3749.9411764705883,1127.0,17
57157,601,1127,CILP,5,6,602.625,1129.125,16
57164,955,1126,CILP,28,27,967.9594320486815,1139.2941176470588,493
57448,5377,1129,CILP,12,11,5382.925373134329,1134.044776119403,67
57611,1393,1133,CILP,17,20,1401.3422818791946,1142.9261744966443,149
57752,4939,1132,CILP,31,30,4954.2649122807015,1146.8087719298246,570
57796,1884,1135,CILP,10,12,1888.6486486486488,1140.1081081081081,74
58018,3658,1136,CILP,28,26,3671.5522088353414,1148.5863453815261,498
58043,4593,1137,CILP,20,19,4603.108597285068,1146.1538461538462,221
58119,2844,1138,CILP,46,30,2870.5726495726494,1153.1923076923076,702
58211,1413,1140,CILP,17,19,1420.9166666666667,1149.732456140351,228
58242,1988,1140,CILP,40,38,2008.060279870829,1158.2099031216362,929
58468,4045,1143,CILP,28,27,4057.6390977443607,1155.7894736842106,399
58522,2302,1144,CILP,4,5,2303.909090909091,1145.909090909091,11
58604,4043,1145,CILP,7,6,4045.8636363636365,1147.090909090909,22
58755,4729,1147,CILP,26,29,4741.604597701149,1161.393103448276,435
58765,5303,1146,CILP,42,30,5318.62441314554,1161.0438184663537,639
58778,733,1148,CILP,7,5,736.0,1149.9166666666667,12
58910,480,1150,CILP,29,32,493.7037037037037,1165.4798711755234,621
58916,740,1150,CILP,7,8,742.8846153846154,1152.8076923076924,26
59067,5382,1150,CILP,7,4,5385.0,1151.7272727272727,11
59076,822,1152,CILP,5,8,823.8125,1155.3125,16
59161,3398,1153,CILP,6,5,3401.181818181818,1154.7272727272727,22
59186,4038,1152,CILP,5,6,4040.0588235294117,1154.6470588235295,17
59196,4349,1153,CILP,7,5,4351.538461538462,1155.2307692307693,13
59198,4428,1153,CILP,5,3,4429.8,1153.9,10
59246,1664,1154,CILP,12,11,1668.8039215686274,1159.6078431372548,51
59328,3641,1155,CILP,21,22,3650.6503067484664,1166.521472392638,163
59354,4605,1155,CILP,21,26,4615.064245810056,1167.3966480446927,358
59380,729,1157,CILP,4,6,730.3571428571429,1159.357142857143,14
59426,2762,1156,CILP,28,29,2775.1617647058824,1170.1764705882354,612
59526,740,1158,CILP,5,11,742.28,1162.92,25
59532,1296,1159,CILP,28,25,1308.2114882506528,1171.6527415143603,383
59533,1330,1159,CILP,54,26,1356.3665105386417,1171.6405152224825,854
59739,3048,1160,CILP,13,9,3054.3846153846152,1163.7692307692307,39
60024,2733,1165,CILP,12,9,2738.722222222222,1168.8333333333333,36
60307,981,1168,CILP,37,34,998.7301204819277,1184.2024096385542,830
60366,2856,1168,CILP,5,4,2857.909090909091,1169.6363636363637,11
60380,3043,1169,CILP,16,11,3050.1284403669724,1174.211009174312,109
60468,5424,1169,CILP,31,32,5439.053465346535,1186.029702970297,505
60521,2818,1170,CILP,20,24,2827.3888888888887,1182.9166666666667,216
60526,2924,1170,CILP,8,6,2927.3076923076924,1172.6923076923076,26
60593,5062,1170,CILP,14,16,5068.28125,1178.2708333333333,96
60718,4812,1172,CILP,13,17,4818.1875,1180.5390625,128
61027,5148,1176,CILP,7,8,5150.45,1179.7,20
61223,2856,1180,CILP,6,5,2858.4,1181.95,20
61234,3069,1181,CILP,11,9,3073.25,1184.6666666666667,36
61244,3239,1181,CILP,27,32,3251.3813387423934,1194.7525354969573,493
61334,1313,1183,CILP,4,5,1315.0,1184.7272727272727,11
61368,2249,1182,CILP,7,8,2252.1785714285716,1185.3214285714287,28
61450,3925,1182,CILP,7,5,3928.3333333333335,1184.2666666666667,15
61498,918,1185,CILP,41,38,939.090811965812,1201.4476495726497,936
61509,1542,1185,CILP,9,6,1545.45,1187.3,20
61522,2188,1184,CILP,21,20,2198.320463320463,1193.7606177606178,259
61835,2634,1189,CILP,14,13,2640.084745762712,1195.3474576271187,118
62253,5525,1192,CILP,16,19,5532.96875,1200.9791666666667,192
62387,4392,1195,CILP,9,6,4397.0,1197.095238095238,21
62512,4302,1196,CILP,16,21,4309.9708737864075,1206.4174757281553,206
62671,807,1200,CILP,45,29,832.3681592039801,1212.721393034826,804
62789,4124,1200,CILP,32,36,4139.810164424514,1217.93423019432,669
62808,5172,1200,CILP,34,26,5189.160142348755,1212.2188612099644,562
62963,451,1204,CILP,31,33,467.389751552795,1219.8276397515529,644
63263,673,1208,CILP,8,6,675.9677419354839,1210.3548387096773,31
63264,688,1208,CILP,5,4,690.3076923076923,1209.1538461538462,13
63374,4236,1209,CILP,26,26,4248.934782608696,1221.7463768115942,414
63406,586,1211,CILP,8,5,589.1052631578947,1212.6315789473683,19
63418,1491,1210,CILP,33,34,1506.6714848883048,1227.180026281209,761
63529,5102,1211,CILP,4,5,5103.6,1213.0,10
63687,5438,1213,CILP,18,24,5446.032128514056,1225.3614457831325,249
63693,430,1214,CILP,6,3,433.15384615384613,1215.0,13
63729,1696,1214,CILP,10,6,1700.7272727272727,1216.6363636363637,22
63807,3699,1214,CILP,35,39,3716.332005312085,1231.7928286852589,753
63966,4565,1216,CILP,24,24,4576.738372093023,1227.2616279069769,344
64010,1668,1218,CILP,38,35,1687.269053117783,1234.8556581986143,866
64013,1723,1219,CILP,31,29,1737.474605954466,1233.4185639229422,571
64107,4808,1218,CILP,11,11,4812.045454545455,1222.159090909091,44
64134,750,1220,CILP,5,4,751.8181818181819,1221.8181818181818,11
64135,756,1221,CILP,9,4,759.7894736842105,1222.3157894736842,19
64183,3015,1221,CILP,7,4,3018.1176470588234,1222.7058823529412,17
64357,3438,1223,CILP,33,32,3453.7979797979797,1239.8340548340548,693
64405,947,1225,CILP,7,5,949.8571428571429,1227.2857142857142,14
64675,2170,1229,CILP,7,7,2172.9210526315787,1232.2894736842106,38
64781,4453,1229,CILP,34,34,4468.637784090909,1246.6022727272727,704
64793,5747,1229,CILP,12,13,5752.831460674157,1234.7303370786517,89
64855,3197,1230,CILP,6,7,3199.3684210526317,1233.157894736842,19
64912,5029,1231,CILP,5,4,5030.705882352941,1232.7058823529412,17
65059,5349,1232,CILP,19,17,5359.128865979382,1239.9639175257732,194
65070,523,1234,CILP,5,5,524.7857142857143,1236.0714285714287,14
65156,3312,1235,CILP,29,32,3326.376644736842,1249.671052631579,608
65190,3985,1235,CILP,28,29,3998.223021582734,1249.0035971223022,556
65206,4886,1234,CILP,30,25,4901.6991701244815,1246.5809128630706,482
65233,757,1236,CILP,23,25,768.34375,1248.2265625,384
65399,2773,1239,CILP,5,6,2774.75,1241.6666666666667,12
65406,2969,1239,CILP,6,10,2971.391304347826,1243.2608695652175,23
65440,3539,1239,CILP,6,6,3541.8636363636365,1241.590909090909,22
65491,1093,1240,CILP,29,30,1106.976,1255.252,500
65667,2975,1242,CILP,7,7,2977.9473684210525,1245.0526315789473,19
65737,270,1244,CILP,12,13,277.015625,1250.171875,64
65738,462,1244,CILP,6,7,464.53333333333336,1247.3333333333333,15
65836,3923,1244,CILP,18,19,3931.568306010929,1252.6775956284152,183
65847,4692,1244,CILP,23,28,4702.78811369509,1257.8708010335918,387
65854,5559,1245,CILP,30,30,5573.006849315068,1258.8116438356165,584
65857,5824,1244,CILP,37,27,5839.277210884354,1257.812925170068,588
65865,473,1247,CILP,5,5,475.0,1249.235294117647,17
65976,3772,1246,CILP,4,6,3773.909090909091,1248.6363636363637,11
66045,1859,1248,CILP,7,3,1862.0,1248.8333333333333,12
66291,5384,1250,CILP,20,20,5393.772727272727,1259.2727272727273,242
66303,1321,1253,CILP,12,13,1325.3815789473683,1259.2894736842106,76
66317,1834,1252,CILP,12,13,1839.4117647058824,1257.2823529411764,85
66320,2028,1253,CILP,38,37,2047.1859931113663,1271.2491389207808,871
66550,245,1256,CILP,22,18,254.79187817258884,1264.46192893401,197
66688,879,1259,CILP,7,7,882.1851851851852,1261.5925925925926,27
66809,1418,1261,CILP,9,4,1421.6923076923076,1262.6923076923076,13
66828,2245,1261,CILP,36,30,2262.223880597015,1275.8046132971506,737
66929,5870,1260,CILP,8,7,5872.9,1263.1,20
67179,4400,1264,CILP,19,19,4410.11914893617,1273.2382978723404,235
67192,5600,1265,CILP,31,32,5615.600654664485,1280.3731587561374,611
67282,3747,1266,CILP,40,38,3766.9829145728645,1283.6090452261305,995
67300,5863,1266,CILP,11,11,5868.169491525424,1271.5762711864406,59
67501,3091,1270,CILP,5,6,3093.0,1272.9444444444443,18
67556,4865,1270,CILP,7,4,4867.8,1271.2666666666667,15
67564,6015,1270,CILP,15,12,6020.971014492754,1274.0434782608695,69
67795,4427,1274,CILP,8,7,4430.307692307692,1276.576923076923,26
68036,4421,1278,CILP,14,12,4427.285714285715,1284.4285714285713,91
68180,6022,1281,CILP,5,4,6023.75,1282.4166666666667,12
68296,4074,1283,CILP,22,18,4084.0458015267177,1291.9122137404581,262
68504,3136,1287,CILP,29,24,3150.5026455026455,1298.6613756613756,378
68547,4777,1287,CILP,33,33,4792.3775671406,1303.1500789889415,633
68563,339,1288,CILP,39,37,358.20947630922694,1307.1184538653367,802
68671,792,1290,CILP,7,11,794.4166666666666,1294.6666666666667,36
68794,710,1292,CILP,9,7,713.5,1294.2727272727273,22
68797,1155,1293,CILP,38,38,1174.0251641137856,1311.449671772429,914
68823,1689,1292,CILP,36,33,1705.9112582781456,1308.2437086092716,755
68893,4121,1292,CILP,4,6,4122.6,1294.1333333333334,15
68909,35,1294,CILP,4,5,36.3125,1296.25,16
69005,4570,1294,CILP,12,12,4575.61797752809,1299.258426966292,89
69010,5205,1294,CILP,31,28,5219.981981981982,1307.9477477477478,555
69165,2768,1298,CILP,34,50,2785.8036072144287,1322.2805611222445,998
69232,795,1300,CILP,21,22,804.4483985765124,1310.202846975089,281
69279,2733,1301,CILP,29,26,2747.792650918635,1314.0367454068241,381
69306,3388,1301,CILP,5,7,3390.095238095238,1304.3333333333333,21
69388,1886,1303,CILP,7,9,1889.3157894736842,1307.0526315789473,38
69538,3468,1304,CILP,18,15,3476.5785123966944,1310.7355371900826,121
69568,4253,1304,CILP,29,34,4265.375457875458,1319.4981684981685,546
69660,4283,1307,CILP,10,14,4287.666666666667,1312.1666666666667,48
69671,318,1309,CILP,9,9,321.9166666666667,1312.9583333333333,48
69774,5131,1309,CILP,18,19,5139.754010695187,1318.2994652406417,187
69784,921,1311,CILP,22,28,931.8676923076923,1324.1784615384615,325
69852,3449,1310,CILP,31,42,3463.040243902439,1332.9987804878049,820
69885,5073,1310,CILP,7,11,5076.645161290323,1314.1935483870968,31
69886,5095,1310,CILP,11,14,5099.9157894736845,1316.8736842105263,95
70012,1905,1314,CILP,5,6,1906.611111111111,1317.0555555555557,18
70199,313,1318,CILP,14,12,319.029702970297,1323.7722772277227,101
70200,329,1319,CILP,8,7,332.19354838709677,1321.7096774193549,31
70313,5064,1319,CILP,5,4,5065.9,1320.6,10
70423,5050,1321,CILP,20,18,5059.099547511312,1330.3257918552035,221
70534,5070,1323,CILP,19,17,5079.276595744681,1330.5673758865248,141
70581,2879,1324,CILP,32,30,2895.0943396226417,1338.5911949685535,636
70768,4153,1326,CILP,27,33,4165.537785588752,1342.298769771529,569
70812,2009,1329,CILP,33,35,2024.2553191489362,1347.0938673341677,799
70872,4032,1328,CILP,9,8,4035.625,1331.1458333333333,48
71103,59,1335,CILP,25,26,68.87381703470031,1347.3406940063091,317
71199,3919,1335,CILP,6,4,3921.8,1336.5333333333333,15
71219,1060,1337,CILP,7,5,1062.857142857143,1339.4285714285713,21
71250,2399,1337,CILP,6,6,2401.9166666666665,1339.3333333333333,12
71311,4360,1336,CILP,6,6,4362.722222222223,1339.0,18
71389,3537,1339,CILP,40,32,3557.0411568409345,1354.622914349277,899
71539,1594,1342,CILP,5,6,1596.3636363636363,1344.909090909091,11
71562,2568,1343,CILP,8,5,2570.6111111111113,1345.0,18
71814,197,1348,CILP,7,5,199.52631578947367,1350.1052631578948,19
71852,2705,1348,CILP,27,34,2718.156765676568,1363.2458745874587,606
71855,2841,1348,CILP,9,6,2845.3333333333335,1350.6190476190477,21
71957,3180,1350,CILP,16,14,3187.7368421052633,1357.219298245614,114
71997,4080,1350,CILP,13,18,4086.1608391608393,1356.9160839160838,143
72008,5528,1350,CILP,17,15,5534.903225806452,1357.6048387096773,124
72009,5946,1351,CILP,37,26,5964.702865761689,1363.7526395173454,663
72074,3226,1353,CILP,5,5,3227.6428571428573,1354.857142857143,14
72123,1149,1355,CILP,4,5,1150.75,1356.9166666666667,12
72157,2765,1354,CILP,13,12,2771.4,1359.5619047619048,105
72267,3333,1356,CILP,30,28,3346.323467230444,1369.6194503171248,473
72384,4103,1358,CILP,7,4,4105.764705882353,1360.1176470588234,17
72389,4616,1359,CILP,36,38,4633.613428280773,1378.0335707019328,983
72397,5877,1359,CILP,16,14,5885.582677165355,1365.5118110236222,127
72589,1309,1364,CILP,14,11,1315.9,1369.9125,80
72673,4516,1365,CILP,30,25,4531.64406779661,1376.6716101694915,472
72789,1762,1369,CILP,36,35,1779.94125,1387.095,800
72856,4906,1368,CILP,31,37,4920.568592057762,1384.4873646209387,554
72862,5998,1368,CILP,34,20,6016.021413276231,1376.0685224839401,467
72955,5176,1371,CILP,23,22,5187.306358381503,1381.936416184971,346
72987,2869,1372,CILP,6,4,2871.4545454545455,1373.090909090909,11
72996,3068,1373,CILP,21,19,3079.6875,1382.2788461538462,208
73017,4036,1373,CILP,5,7,4038.4666666666667,1376.6,15
73062,2726,1374,CILP,26,23,2738.436860068259,1386.0546075085324,293
73108,5873,1375,CILP,5,6,5875.3,1376.85,20
73112,882,1377,CILP,8,10,885.5862068965517,1380.9655172413793,29
73118,1439,1376,CILP,18,12,1446.1237113402062,1381.701030927835,97
73189,5669,1377,CILP,9,9,5672.944444444444,1381.148148148148,54
73360,5859,1381,CILP,17,14,5866.413333333333,1387.52,150
73386,2604,1383,CILP,42,27,2626.891390728477,1395.8145695364237,755
73498,410,1387,CILP,18,25,418.24242424242425,1397.7575757575758,165
73562,2998,1388,CILP,26,23,3010.4791666666665,1398.8932291666667,384
73611,3331,1393,CILP,43,28,3351.349869451697,1406.369451697128,766
73617,3552,1393,CILP,4,5,3553.4,1394.9333333333334,15
73638,437,1394,CILP,22,18,446.9695652173913,1402.8130434782609,230
73656,4326,1394,CILP,26,26,4338.5594594594595,1404.6702702702703,370
73696,3594,1399,CILP,28,26,3606.5705645161293,1412.358870967742,496
73702,3687,1399,CILP,38,35,3704.496,1414.4506666666666,750
73724,1308,1403,CILP,30,26,1322.5991379310344,1415.7866379310344,464
73728,3486,1403,CILP,37,33,3505.243641231593,1420.0388219544845,747
73735,1048,1404,CILP,5,6,1050.0,1406.388888888889,18
73743,2409,1404,CILP,10,10,2413.464285714286,1408.017857142857,56
73745,3169,1405,CILP,20,20,3177.2579365079364,1415.0079365079366,252
73747,3440,1405,CILP,5,7,3442.5333333333333,1408.0,15
73772,3159,1409,CILP,5,3,3161.1666666666665,1410.0833333333333,12
73794,2043,1411,CILP,48,31,2070.51755526658,1424.854356306892,769
73797,3433,1410,CILP,7,6,3435.3478260869565,1411.9565217391305,23
73805,5840,1411,CILP,18,18,5848.131578947368,1418.9684210526316,190
73817,1061,1412,CILP,14,11,1067.0,1417.0131578947369,76
73828,153,1414,CILP,12,8,158.55737704918033,1417.7868852459017,61
73847,2405,1414,CILP,4,8,2406.4736842105262,1416.842105263158,19
73878,1970,1416,CILP,12,10,1975.7692307692307,1419.9038461538462,52
73937,105,1421,CILP,28,26,118.79025423728814,1433.4555084745762,472
73941,484,1421,CILP,46,39,504.47583243823846,1439.0375939849623,931
74030,2474,1422,CILP,31,29,2489.37101910828,1436.71974522293,628
74032,2918,1423,CILP,15,19,2924.5460122699387,1431.8527607361964,163
74112,2509,1425,CILP,26,25,2521.988399071926,1437.1113689095127,431
74168,863,1427,CILP,5,9,865.0625,1431.625,16
74237,0,1428,CILP,12,24,3.8555555555555556,1440.25,180
74252,658,1429,CILP,5,6,660.7,1431.1,10
74345,5336,1428,CILP,24,21,5347.465671641791,1438.5223880597016,335
74348,5492,1428,CILP,16,15,5499.491620111732,1434.832402234637,179
74568,5114,1433,CILP,8,9,5117.04,1437.2,25
74651,2043,1434,CILP,22,15,2055.194285714286,1440.9485714285715,175
74662,3399,1434,CILP,24,26,3411.362433862434,1446.547619047619,378
74690,5040,1434,CILP,16,12,5047.44,1440.3466666666666,75
74694,5158,1434,CILP,7,6,5160.875,1436.75,24
74731,858,1436,CILP,5,6,860.3,1438.6,10
75057,5105,1441,CILP,35,24,5121.945492662474,1452.0587002096436,477
75397,4970,1446,CILP,5,4,4972.2,1447.4,10
75519,4861,1448,CILP,28,29,4874.375510204081,1462.3755102040816,490
75539,5783,1449,CILP,8,8,5787.16,1452.0,25
75557,738,1450,CILP,16,23,745.7119565217391,1460.6304347826087,184
75654,475,1453,CILP,20,28,483.9279538904899,1466.8818443804034,347
75675,825,1452,CILP,10,7,829.4,1455.3714285714286,35
75995,5139,1457,CILP,6,4,5142.0,1458.142857142857,14
76011,5774,1457,CILP,8,10,5778.045454545455,1461.840909090909,44
76013,6024,1457,CILP,8,18,6027.957264957265,1465.08547008547,117
76105,3383,1459,CILP,7,7,3386.1290322580644,1462.5483870967741,31
76135,5402,1458,CILP,30,21,5416.869822485207,1468.0355029585799,338
76160,659,1460,CILP,17,13,667.0649350649351,1464.5064935064936,77
76166,797,1461,CILP,5,5,798.6666666666666,1463.5,12
76180,1008,1460,CILP,19,21,1017.0377358490566,1470.879245283019,265
76321,1286,1462,CILP,38,34,1304.673835125448,1478.5197132616488,837
76337,2014,1463,CILP,7,8,2017.03125,1466.625,32
76359,3765,1462,CILP,9,10,3768.8571428571427,1466.3469387755101,49
76445,1186,1464,CILP,6,5,1188.3,1466.35,20
76480,3545,1465,CILP,14,15,3552.2,1471.3833333333334,120
76499,5123,1464,CILP,5,3,5125.181818181818,1464.6363636363637,11
76500,5152,1465,CILP,7,6,5154.428571428572,1466.904761904762,21
76539,672,1466,CILP,10,11,676.6666666666666,1471.2619047619048,42
76607,3735,1466,CILP,22,30,3745.491573033708,1480.7640449438202,356
76656,357,1469,CILP,32,32,371.708064516129,1484.7048387096775,620
76677,888,1468,CILP,12,13,894.1923076923077,1473.0384615384614,52
76709,1571,1469,CILP,12,13,1576.287234042553,1474.7553191489362,94
76719,2159,1469,CILP,7,6,2162.5333333333333,1471.2,15
76869,5577,1470,CILP,31,42,5591.793197278912,1490.7850340136054,735
76888,665,1473,CILP,7,3,667.9090909090909,1474.3636363636363,11
77067,4670,1475,CILP,27,23,4682.185595567867,1485.842105263158,361
77083,5013,1475,CILP,31,31,5028.589981447124,1488.6066790352504,539
77092,5405,1475,CILP,4,4,5406.545454545455,1476.4545454545455,11
77160,1886,1477,CILP,4,6,1887.764705882353,1480.0,17
77206,5815,1476,CILP,31,28,5830.198449612403,1489.631007751938,645
77407,5714,1481,CILP,29,29,5728.541509433962,1495.0188679245282,530
77439,1020,1483,CILP,6,10,1022.7428571428571,1487.1142857142856,35
77564,2593,1485,CILP,34,31,2609.276536312849,1500.0293296089385,716
77677,3723,1486,CILP,20,16,3731.303370786517,1494.0056179775281,178
77689,4891,1487,CILP,12,17,4896.8130081300815,1496.8292682926829,123
77892,2495,1491,CILP,10,11,2499.753846153846,1495.8153846153846,65
78044,5201,1492,CILP,42,49,5222.666292134832,1515.929213483146,890
78119,2006,1495,CILP,30,30,2020.7861538461539,1510.226153846154,650
78129,2736,1494,CILP,36,35,2753.306994818653,1511.3160621761658,772
78141,3713,1495,CILP,5,6,3714.809523809524,1497.2380952380952,21
78277,5928,1496,CILP,10,6,5933.045454545455,1498.8181818181818,22
78492,43,1502,CILP,17,14,50.838235294117645,1509.5,136
78531,950,1503,CILP,25,42,961.89592760181,1521.3800904977375,663
78603,4291,1502,CILP,43,33,4312.202979515829,1517.7895716945995,537
78703,4247,1505,CILP,5,6,4249.090909090909,1507.590909090909,22
78712,4883,1505,CILP,13,14,4888.866071428572,1510.642857142857,112
79036,4610,1511,CILP,6,6,4612.153846153846,1513.5384615384614,13
79054,5323,1511,CILP,35,45,5337.242380261248,1534.5050798258346,689
79056,5354,1510,CILP,32,31,5368.157439446367,1525.5501730103806,578
79188,57,1514,CILP,5,6,59.13333333333333,1517.0,15
79380,4614,1516,CILP,5,8,4615.733333333334,1519.0666666666666,15
79401,5262,1517,CILP,6,6,5264.578947368421,1519.8947368421052,19
79481,2074,1519,CILP,28,26,2087.0802348336597,1531.5812133072407,511
79489,3248,1518,CILP,5,6,3250.1,1520.1,10
79521,5938,1518,CILP,6,5,5940.85,1520.3,20
79617,4588,1521,CILP,22,26,4598.5207100591715,1534.5355029585799,338
79726,3731,1522,CILP,5,5,3733.230769230769,1523.6153846153845,13
79730,4618,1523,CILP,7,11,4620.862068965517,1526.7241379310344,29
79993,5748,1526,CILP,23,24,5759.816816816817,1537.1741741741741,333
80068,3524,1528,CILP,19,20,3533.227906976744,1536.7581395348836,215
80238,874,1533,CILP,8,8,877.2903225806451,1536.0,31
80282,2187,1532,CILP,32,33,2202.7605042016808,1547.1778711484594,714
80293,3580,1533,CILP,4,8,3581.0625,1536.0625,16
80591,2709,1539,CILP,4,4,2710.0833333333335,1540.75,12
80594,3101,1539,CILP,6,4,3102.8,1540.5,10
80699,2353,1541,CILP,34,27,2370.762923351159,1553.6666666666667,561
80712,4279,1540,CILP,6,6,4282.047619047619,1542.7142857142858,21
80914,3100,1544,CILP,6,3,3102.181818181818,1544.909090909091,11
80944,5050,1544,CILP,11,9,5054.448275862069,1547.655172413793,58
81005,1640,1547,CILP,8,8,1643.2571428571428,1550.8,35
81016,3135,1547,CILP,35,35,3150.9567430025445,1564.2137404580153,786
81330,1600,1553,CILP,7,6,1603.375,1555.4583333333333,24
81357,4081,1552,CILP,26,24,4093.2219321148823,1563.6449086161879,383
81481,5047,1555,CILP,19,14,5057.534351145038,1560.9312977099237,131
81566,2937,1556,CILP,5,6,2939.0,1557.9,20
81841,5965,1560,CILP,8,8,5968.846153846154,1563.5384615384614,39
81894,1297,1563,CILP,12,11,1303.0169491525423,1567.4745762711864,59
81918,2975,1563,CILP,34,44,2991.0319888734352,1587.42280945758,719
81920,3119,1563,CILP,4,5,3120.5384615384614,1565.076923076923,13
81932,4259,1562,CILP,6,5,4261.8,1563.9,10
82140,1607,1567,CILP,8,3,1610.1538461538462,1567.6923076923076,13
82555,5504,1573,CILP,8,5,5507.357142857143,1575.5,14
82556,5511,1572,CILP,8,11,5514.617647058823,1578.264705882353,34
82620,1946,1574,CILP,39,38,1965.3374233128834,1592.3496932515338,978
82659,4783,1575,CILP,21,26,4793.381615598886,1589.091922005571,359
82808,5460,1577,CILP,5,5,5462.363636363636,1579.0,11
82812,5492,1577,CILP,5,5,5494.272727272727,1579.2727272727273,11
82901,2516,1578,CILP,4,5,2517.5333333333333,1580.1333333333334,15
82970,708,1580,CILP,12,11,713.7931034482758,1585.3620689655172,58
83060,4726,1581,CILP,12,8,4731.0,1584.4,35
83121,887,1583,CILP,32,20,899.0688622754491,1592.2155688622754,334
83125,1008,1583,CILP,20,19,1017.0700389105058,1591.2645914396887,257
83176,2488,1582,CILP,6,4,2490.823529411765,1583.1176470588234,17
83501,2002,1589,CILP,6,4,2003.923076923077,1590.8461538461538,13
83557,5426,1588,CILP,4,9,5427.222222222223,1592.4444444444443,18
83575,548,1590,CILP,31,23,560.7976539589442,1599.651026392962,341
83662,3011,1591,CILP,10,9,3015.521739130435,1595.2826086956522,46
83663,3435,1591,CILP,5,4,3437.4615384615386,1592.6153846153845,13
83698,5858,1590,CILP,29,31,5871.824503311258,1604.458609271523,604
83797,5135,1593,CILP,7,7,5137.555555555556,1596.4444444444443,18
83828,695,1595,CILP,14,10,701.0769230769231,1598.8461538461538,52
83887,3316,1594,CILP,5,5,3318.4615384615386,1595.6923076923076,13
84137,2264,1598,CILP,28,27,2277.5180467091295,1612.3503184713377,471
84138,2325,1598,CILP,33,32,2339.306163021869,1612.4393638170975,503
84260,3884,1601,CILP,39,37,3903.3696098562627,1618.8459958932237,974
84265,4429,1600,CILP,38,41,4446.599290780142,1619.3085106382978,846
84402,5134,1603,CILP,26,24,5146.862804878048,1614.5670731707316,328
84606,3121,1607,CILP,7,3,3123.923076923077,1608.0,13
84837,2423,1610,CILP,17,20,2430.935960591133,1620.6256157635469,203
84940,1380,1612,CILP,5,3,1381.9,1613.1,10
84990,4914,1612,CILP,23,22,4925.363924050633,1622.6867088607594,316
85083,4837,1615,CILP,14,15,4842.905660377359,1621.3207547169811,106
85179,2779,1616,CILP,29,34,2793.39696969697,1632.6848484848485,660
85313,4686,1618,CILP,39,34,4702.7752956636,1633.9303547963207,761
85474,1107,1623,CILP,8,6,1110.4347826086957,1625.2608695652175,23
85515,2825,1623,CILP,37,36,2843.187112763321,1640.3903345724907,807
85694,1108,1627,CILP,19,10,1117.5714285714287,1631.6285714285714,70
85775,5530,1626,CILP,19,22,5539.250836120401,1636.742474916388,299
85891,977,1630,CILP,5,6,978.8333333333334,1632.111111111111,18
86015,1131,1633,CILP,8,6,1134.090909090909,1635.5454545454545,22
86058,4505,1633,CILP,41,38,4524.3485016648165,1652.093229744728,901
86212,1142,1636,CILP,7,4,1145.0,1637.888888888889,18
86300,979,1639,CILP,22,21,989.2368421052631,1649.7947368421053,190
86307,1118,1638,CILP,14,11,1125.6181818181817,1642.5272727272727,55
86331,2172,1639,CILP,41,39,2192.6680412371134,1658.136082474227,970
86333,2539,1639,CILP,14,14,2545.2419354838707,1645.7983870967741,124
86336,3211,1639,CILP,17,19,3219.771739130435,1648.3097826086957,184
86380,5560,1639,CILP,8,7,5563.5,1642.4285714285713,28
86407,1043,1640,CILP,19,20,1052.1233766233765,1649.1623376623377,154
86456,3748,1640,CILP,24,24,3759.219178082192,1652.4465753424658,365
86555,3208,1642,CILP,4,6,3209.4285714285716,1644.5714285714287,14
86590,4852,1643,CILP,10,9,4856.674418604651,1647.2093023255813,43
86710,5295,1645,CILP,25,27,5306.610278372591,1657.3340471092076,467
86870,1658,1649,CILP,28,29,1672.0376569037658,1662.887029288703,478
86872,1738,1649,CILP,15,17,1744.8742857142856,1657.3657142857144,175
87016,4446,1650,CILP,38,42,4464.684738955823,1671.5562248995984,996
87120,3439,1653,CILP,16,27,3446.709219858156,1667.2482269503546,282
87224,4851,1655,CILP,5,4,4853.307692307692,1656.4615384615386,13
87297,2097,1657,CILP,41,50,2114.2368421052633,1680.8821052631579,950
87466,1065,1660,CILP,3,7,1066.1,1662.9,10
87504,3524,1661,CILP,7,6,3526.875,1663.4583333333333,24
87539,5436,1661,CILP,19,18,5445.5,1669.9754098360656,244
87578,1049,1662,CILP,7,7,1051.6842105263158,1664.578947368421,19
87687,985,1664,CILP,4,4,987.0,1665.9,10
87736,4905,1665,CILP,36,39,4922.269823788546,1683.77422907489,908
87770,818,1666,CILP,27,46,831.121546961326,1691.1620626151014,543
87784,1055,1667,CILP,7,6,1057.3636363636363,1669.590909090909,22
87824,4369,1667,CILP,7,9,4372.184210526316,1670.7894736842106,38
87949,326,1671,CILP,7,5,329.1666666666667,1673.0833333333333,12
88027,3562,1670,CILP,5,5,3564.0714285714284,1671.9285714285713,14
88050,5357,1671,CILP,41,27,5377.068245125348,1684.4401114206128,718
88273,547,1677,CILP,4,4,548.6,1678.5,10
88306,1063,1676,CILP,6,5,1065.4,1678.05,20
88363,4999,1677,CILP,22,22,5010.707482993197,1688.3299319727892,294
88376,5783,1676,CILP,5,5,5785.133333333333,1678.5333333333333,15
88395,770,1678,CILP,5,4,771.9090909090909,1679.8181818181818,11
88490,541,1680,CILP,16,12,548.15,1686.2916666666667,120
88506,787,1680,CILP,8,8,790.5454545454545,1683.8181818181818,22
88552,2252,1681,CILP,27,28,2264.925407925408,1693.9650349650349,429
88554,2661,1680,CILP,5,4,2662.5,1681.1,10
88643,3299,1682,CILP,14,7,3306.175,1685.1,40
88822,2687,1687,CILP,20,27,2696.542056074766,1702.1915887850466,214
88930,3300,1688,CILP,18,20,3308.941489361702,1698.8617021276596,188
88966,316,1690,CILP,8,10,319.525,1694.575,40
89044,3712,1690,CILP,30,27,3726.7721280602636,1703.5555555555557,531
89074,5445,1690,CILP,8,3,5448.705882352941,1691.0,17
89109,1268,1693,CILP,4,7,1269.6666666666667,1696.3333333333333,15
89280,422,1696,CILP,9,7,426.6,1698.44,25
89346,2375,1697,CILP,15,22,2382.3636363636365,1707.560606060606,198
89359,4364,1697,CILP,32,48,4379.173854447439,1723.0498652291105,742
89368,4855,1696,CILP,18,15,4862.987096774194,1702.9612903225807,155
89373,5161,1697,CILP,31,27,5176.3003663003665,1709.1355311355312,546
89395,545,1699,CILP,17,19,554.0597826086956,1709.0978260869565,184
89420,856,1699,CILP,27,26,868.5734989648033,1711.6770186335405,483
89461,2702,1699,CILP,32,36,2717.786910197869,1716.5890410958905,657
89462,2779,1699,CILP,21,21,2788.5777777777776,1709.888888888889,225
89572,145,1703,CILP,12,7,150.34285714285716,1706.2,35
89641,2477,1702,CILP,22,17,2487.0884955752213,1709.6637168141592,226
89763,5219,1704,CILP,30,29,5233.732441471572,1717.4464882943143,598
89877,4908,1707,CILP,23,21,4918.51953125,1717.37109375,256
89885,5065,1706,CILP,21,24,5076.115,1718.145,200
89891,424,1709,CILP,6,3,426.27272727272725,1710.3636363636363,11
89954,2206,1709,CILP,5,4,2208.0714285714284,1710.2857142857142,14
89998,5483,1709,CILP,16,16,5490.094674556213,1716.6449704142012,169
90058,1785,1710,CILP,5,4,1787.1176470588234,1711.2941176470588,17
90093,4870,1711,CILP,19,16,4879.357142857143,1718.5765306122448,196
90203,5420,1712,CILP,5,4,5421.727272727273,1714.090909090909,11
90225,713,1715,CILP,34,39,729.3085621970921,1732.6898222940226,619
90308,4893,1715,CILP,7,5,4896.28,1716.88,25
90445,1081,1718,CILP,8,7,1084.4137931034484,1720.3793103448277,29
90461,1386,1719,CILP,14,11,1392.0307692307692,1724.4153846153847,65
90674,3856,1722,CILP,25,24,3868.812883435583,1734.29754601227,326
90860,2195,1726,CILP,5,5,2197.0,1728.0,12
90864,2749,1726,CILP,11,13,2753.68,1731.5866666666666,75
90942,1359,1729,CILP,14,10,1365.3469387755101,1732.6938775510205,49
90946,1734,1729,CILP,28,33,1747.7851063829787,1744.0595744680852,470
90981,5133,1728,CILP,5,10,5135.217391304348,1733.0434782608695,23
90990,67,1730,CILP,19,33,75.11143695014663,1745.8709677419354,341
91063,4250,1730,CILP,31,41,4264.873362445415,1748.6244541484716,687
91081,5501,1731,CILP,16,12,5509.0609756097565,1736.5731707317073,82
91107,874,1732,CILP,10,7,878.8148148148148,1735.3333333333333,27
91136,1382,1732,CILP,24,19,1393.978417266187,1740.8705035971223,278
91265,3396,1735,CILP,4,6,3397.4,1737.0,15
91373,2791,1737,CILP,8,9,2795.186046511628,1740.8372093023256,43
91508,5999,1738,CILP,7,7,6001.709677419355,1741.0967741935483,31
91670,5289,1742,CILP,20,24,5298.779661016949,1753.3694915254237,295
91757,4374,1745,CILP,17,18,4381.681818181818,1753.8080808080808,198
91865,41,1748,CILP,7,8,43.82142857142857,1751.9285714285713,28
91924,2332,1749,CILP,22,24,2342.4159544159543,1759.8660968660968,351
92029,634,1752,CILP,6,5,636.45,1753.8,20
92075,1966,1753,CILP,21,23,1976.6295081967214,1763.5409836065573,305
92086,3568,1752,CILP,28,28,3581.284369114878,1766.0169491525423,531
92264,2511,1757,CILP,19,18,2520.2566371681414,1765.4557522123894,226
92292,5691,1756,CILP,21,19,5701.328063241107,1765.4624505928855,253
92364,4653,1758,CILP,27,25,4667.1551724137935,1769.576354679803,406
92454,4952,1761,CILP,7,6,4955.166666666667,1763.1666666666667,24
92534,3798,1763,CILP,36,39,3814.632894736842,1780.2815789473684,760
92539,4149,1763,CILP,33,35,4164.303672316384,1779.2641242937852,708
92626,2665,1765,CILP,33,32,2681.314447592068,1780.245042492918,706
92628,3106,1764,CILP,28,33,3119.384335154827,1781.5227686703097,549
92631,3377,1765,CILP,13,15,3382.9024390243903,1772.5853658536585,82
92809,3847,1769,CILP,5,5,3849.0625,1771.1875,16
92819,5751,1769,CILP,6,5,5753.333333333333,1771.6,15
92894,5742,1771,CILP,5,5,5743.545454545455,1772.909090909091,11
92974,312,1774,CILP,5,6,313.90909090909093,1776.5454545454545,11
93054,5848,1775,CILP,7,3,5851.0,1775.95,20
93167,1269,1778,CILP,29,36,1284.018759018759,1795.4689754689755,693
93202,5655,1779,CILP,10,13,5659.903225806452,1784.5967741935483,62
93206,314,1781,CILP,8,7,317.34375,1784.4375,32
93258,2222,1781,CILP,21,19,2231.9450980392157,1790.549019607843,255
93287,781,1782,CILP,7,9,783.8333333333334,1786.2666666666667,30
93295,914,1782,CILP,9,7,917.5714285714286,1784.8095238095239,21
93339,5632,1783,CILP,14,15,5638.688888888889,1789.7185185185185,135
93341,5670,1783,CILP,10,13,5674.615384615385,1789.098901098901,91
93486,785,1788,CILP,16,17,792.8571428571429,1796.8367346938776,147
93650,2095,1792,CILP,27,36,2108.474921630094,1809.9686520376176,638
93796,5156,1797,CILP,22,24,5167.096774193548,1808.774193548387,279
93801,346,1798,CILP,13,9,352.1818181818182,1801.7272727272727,66
93825,1067,1798,CILP,19,17,1075.8402366863904,1807.5384615384614,169
93917,5905,1800,CILP,21,23,5915.234756097561,1810.6341463414635,328
93945,1892,1802,CILP,13,14,1898.1359223300972,1808.9029126213593,103
93954,3018,1803,CILP,28,27,3031.6233766233768,1815.7012987012988,539
93965,4319,1802,CILP,20,17,4329.965174129353,1810.6517412935323,201
93975,350,1804,CILP,31,21,365.43131868131866,1813.9450549450548,364
94016,2038,1804,CILP,18,18,2047.12,1812.405,200
94024,2849,1805,CILP,23,23,2859.7791798107255,1815.8769716088327,317
94031,4494,1805,CILP,27,25,4507.15,1817.2261904761904,420
94082,1842,1806,CILP,17,19,1850.9125683060108,1815.2513661202186,183
94090,2311,1806,CILP,6,8,2313.1666666666665,1809.1333333333334,30
94125,675,1809,CILP,20,18,684.2875536480686,1817.6609442060085,233
94130,800,1809,CILP,12,9,806.0857142857143,1813.2571428571428,70
94182,226,1811,CILP,16,19,232.375,1821.0815217391305,184
94186,558,1810,CILP,18,14,565.3795620437957,1817.014598540146,137
94220,1303,1811,CILP,19,19,1311.5411255411254,1819.5281385281385,231
94223,1707,1810,CILP,12,9,1712.3880597014925,1813.7761194029852,67
94252,5977,1810,CILP,22,27,5987.206030150754,1823.0929648241206,398
94284,1458,1812,CILP,15,15,1464.7191011235955,1819.241573033708,178
94294,2417,1812,CILP,14,15,2423.5339805825242,1819.495145631068,103
94317,212,1814,CILP,11,9,216.75862068965517,1818.0,58
94366,4254,1815,CILP,7,5,4257.5,1817.7222222222222,18
94377,5576,1815,CILP,24,21,5588.625,1824.9144736842106,304
94549,2062,1821,CILP,5,6,2063.764705882353,1823.1764705882354,17
94574,216,1823,CILP,10,8,220.46511627906978,1826.1627906976744,43
94666,2699,1824,CILP,13,17,2704.390243902439,1831.0081300813008,123
94731,2050,1827,CILP,25,21,2062.4548611111113,1837.4583333333333,288
94795,1407,1828,CILP,4,4,1408.2,1829.3,10
94838,572,1831,CILP,22,30,582.7595818815331,1847.1567944250871,287
94892,4675,1831,CILP,6,4,4677.411764705882,1832.4117647058824,17
94898,5359,1831,CILP,12,12,5364.3239436619715,1836.3521126760563,71
94903,304,1832,CILP,25,26,316.12806539509535,1844.0926430517711,367
94947,3658,1833,CILP,30,28,3672.535283993115,1847.1290877796903,581
94955,5210,1833,CILP,29,30,5224.227459016393,1849.4569672131147,488
94971,964,1835,CILP,12,19,970.0769230769231,1843.7094017094016,117
95012,4913,1835,CILP,9,6,4916.733333333334,1837.2666666666667,30
95064,2683,1836,CILP,15,20,2689.43949044586,1847.2229299363057,157
95191,4594,1841,CILP,25,25,4606.4207492795385,1852.9682997118155,347
95284,1655,1845,CILP,8,5,1658.5714285714287,1846.5238095238096,21
95301,4910,1844,CILP,8,7,4913.37037037037,1846.7037037037037,27
95303,5193,1845,CILP,14,15,5199.137931034483,1851.844827586207,116
95305,116,1846,CILP,25,20,128.375,1855.1,280
95320,967,1847,CILP,43,36,988.4458204334366,1864.4643962848297,969
95341,3102,1847,CILP,12,12,3107.8072289156626,1852.5301204819277,83
95377,1252,1849,CILP,18,22,1259.1447368421052,1860.2280701754387,228
95380,1297,1849,CILP,24,18,1308.5296803652968,1858.5068493150684,219
95437,2899,1852,CILP,41,39,2920.5216515609263,1868.337361530715,993
95448,604,1855,CILP,22,23,614.5140562248996,1864.8273092369477,249
95458,1749,1854,CILP,14,13,1754.878048780488,1860.9146341463415,82
95461,2324,1855,CILP,4,8,2325.5833333333335,1858.5833333333333,12
95468,5850,1854,CILP,24,20,5861.066282420749,1863.7608069164264,347
95484,4530,1857,CILP,39,38,4551.774299835255,1875.0576606260297,607
95499,5108,1859,CILP,24,40,5120.042424242424,1881.9212121212122,495
95506,2318,1860,CILP,4,8,2318.9523809523807,1863.5238095238096,21
95533,2324,1867,CILP,3,7,2325.3076923076924,1869.8461538461538,13
95544,1267,1869,CILP,31,32,1281.8951965065503,1884.2532751091703,687
95548,1679,1869,CILP,5,7,1680.842105263158,1871.7894736842106,19
95551,2315,1869,CILP,5,3,2316.8333333333335,1870.0,12
95562,534,1870,CILP,11,9,538.953488372093,1874.1627906976744,43
95575,5401,1871,CILP,22,18,5412.340807174888,1880.1479820627803,223
95650,2166,1879,CILP,4,5,2167.285714285714,1880.7142857142858,14
95695,2362,1880,CILP,22,20,2371.804081632653,1889.4,245
95698,3283,1881,CILP,5,4,3284.6666666666665,1882.8,15
95703,4694,1880,CILP,10,13,4698.260869565217,1886.4130434782608,92
95718,5522,1880,CILP,16,14,5528.421052631579,1887.3815789473683,76
95876,981,1886,CILP,6,5,983.7083333333334,1888.125,24
96003,4442,1889,CILP,8,4,4445.142857142857,1890.7619047619048,21
96047,5154,1889,CILP,13,14,5159.423913043478,1895.2065217391305,92
96198,511,1893,CILP,13,7,517.5111111111111,1896.1777777777777,45
96299,5721,1892,CILP,29,39,5735.179846938776,1910.6492346938776,784
96335,1896,1895,CILP,26,25,1908.6863157894736,1907.6905263157894,475
96498,4912,1897,CILP,3,9,4913.142857142857,1901.2142857142858,14
96656,5320,1899,CILP,31,30,5335.351398601399,1914.2534965034965,572
96672,5525,1898,CILP,21,29,5536.007407407407,1913.0925925925926,270
96699,878,1901,CILP,29,40,892.3483965014577,1922.0816326530612,686
96734,3242,1900,CILP,24,28,3253.3264887063656,1913.5564681724845,487
96739,4295,1900,CILP,39,33,4315.262529832936,1915.4188544152744,838
96801,5598,1901,CILP,41,34,5616.50170261067,1916.955732122588,881
96861,2852,1903,CILP,16,19,2860.078014184397,1912.9432624113474,141
96863,3009,1903,CILP,7,6,3012.5925925925926,1906.0740740740741,27
96867,4569,1902,CILP,4,7,4570.9375,1905.375,16
96962,1831,1905,CILP,30,32,1846.308426073132,1921.0969793322733,629
97057,5268,1905,CILP,30,31,5281.984779299848,1920.331811263318,657
97197,5819,1907,CILP,26,25,5831.589583333333,1918.9458333333334,480
97268,3288,1909,CILP,9,8,3291.9555555555557,1912.2666666666667,45
97465,1009,1912,CILP,37,32,1026.8118948824342,1928.2130013831259,723
97606,2083,1915,CILP,24,21,2093.469178082192,1925.9349315068494,292
97620,2318,1914,CILP,5,4,2320.3571428571427,1916.0,14
97677,167,1916,CILP,9,8,171.09375,1920.3125,32
97687,596,1916,CILP,12,9,600.7647058823529,1919.8823529411766,51
97789,4922,1916,CILP,21,22,4932.1875,1927.21875,288
98022,3931,1921,CILP,27,26,3943.752380952381,1933.0071428571428,420
98078,81,1922,CILP,10,11,85.171875,1926.9375,64
98091,675,1922,CILP,15,16,682.1282051282051,1929.6923076923076,156
98108,1361,1922,CILP,5,3,1362.8333333333333,1922.9166666666667,12
98148,4422,1922,CILP,20,18,4432.055555555556,1929.773148148148,216
98479,943,1928,CILP,25,26,954.3894472361809,1940.3341708542714,398
98513,3140,1928,CILP,28,28,3153.3506044905007,1941.7530224525044,579
98576,5564,1928,CILP,5,4,5566.0,1929.3846153846155,13
98582,6023,1928,CILP,9,27,6028.054878048781,1941.0,164
98589,332,1931,CILP,14,10,339.60869565217394,1936.2028985507247,69
98874,1996,1935,CILP,5,5,1997.7,1936.95,20
99026,2746,1937,CILP,20,16,2755.3383084577113,1945.189054726368,201
99159,2788,1938,CILP,29,29,2801.089965397924,1952.515570934256,578
99161,2831,1938,CILP,21,19,2842.1020408163267,1946.9183673469388,196
99170,4654,1939,CILP,8,5,4657.625,1941.3125,16
99171,4672,1939,CILP,6,5,4674.083333333333,1940.6666666666667,12
99242,379,1940,CILP,29,29,392.45093457943926,1954.5864485981308,428
99264,844,1941,CILP,4,7,845.2307692307693,1943.5384615384614,13
99308,3529,1940,CILP,32,31,3544.966618287373,1954.746008708273,689
99365,5322,1941,CILP,6,3,5324.3,1941.9,10
99405,1447,1942,CILP,8,7,1450.96,1944.72,25
99438,3436,1942,CILP,4,4,3437.818181818182,1943.2727272727273,11
99453,4798,1942,CILP,6,5,4800.461538461538,1943.923076923077,13
99465,5026,1942,CILP,22,26,5035.896103896104,1954.1785714285713,308
99574,4197,1945,CILP,23,23,4208.33836858006,1955.5407854984894,331
99723,3118,1947,CILP,32,30,3132.0643564356437,1963.0627062706271,606
99789,353,1949,CILP,15,14,359.6829268292683,1955.861788617886,123
99814,1235,1948,CILP,17,17,1243.04,1955.456,125
99816,1447,1949,CILP,5,7,1448.7058823529412,1951.9411764705883,17
99856,3330,1948,CILP,27,26,3343.3147410358565,1960.3745019920318,502
99980,2008,1950,CILP,3,7,2008.9166666666667,1953.0,12
100011,3447,1951,CILP,7,7,3450.0,1953.92,25
100162,5054,1952,CILP,12,13,5059.8533333333335,1958.08,75
100335,705,1956,CILP,4,4,706.7,1957.5,10
100522,3414,1959,CILP,37,30,3430.087463556851,1974.393586005831,686
100729,495,1963,CILP,18,20,502.7894736842105,1972.2456140350878,228
100875,678,1964,CILP,26,24,690.256926952141,1976.3198992443324,397
100940,3703,1965,CILP,35,35,3719.5153631284916,1980.953910614525,716
100973,4970,1964,CILP,26,29,4982.450980392156,1976.9193899782135,459
101053,1810,1967,CILP,5,7,1812.142857142857,1970.357142857143,14
101118,5113,1966,CILP,28,28,5126.690909090909,1979.612121212121,495
101279,5689,1969,CILP,17,18,5697.016393442623,1977.344262295082,183
101348,2909,1970,CILP,32,32,2924.764109985528,1985.7771345875542,691
101368,4815,1970,CILP,38,30,4831.3969230769235,1985.083076923077,650
101537,5463,1972,CILP,18,16,5471.296551724138,1978.7448275862068,145
101607,4630,1975,CILP,7,9,4633.518518518518,1979.4814814814815,27
101735,2572,1977,CILP,35,35,2588.9944979367265,1993.3136176066025,727
102139,4639,1983,CILP,26,27,4651.07867494824,1995.7888198757764,483
102198,5447,1982,CILP,20,19,5456.457943925234,1990.3551401869158,214
102382,1849,1986,CILP,4,4,1850.7272727272727,1987.909090909091,11
102607,5966,1989,CILP,24,22,5976.9609929078015,1999.4113475177305,282
102659,1996,1990,CILP,33,34,2010.6511299435028,2006.3418079096045,708
102918,1893,1995,CILP,11,8,1898.3529411764705,1998.3529411764705,34
103053,1873,1997,CILP,21,26,1883.183870967742,2011.2,310
103428,5113,2001,CILP,20,38,5122.231884057971,2020.1304347826087,414
103527,2804,2003,CILP,20,21,2813.343347639485,2012.6866952789699,233
103534,3602,2002,CILP,31,31,3617.191011235955,2018.4109149277688,623
103845,5420,2006,CILP,18,20,5428.5,2016.0735294117646,204
103935,3569,2009,CILP,5,6,3571.0555555555557,2011.5,18
104443,1711,2017,CILP,24,20,1722.0285714285715,2027.2785714285715,280
104747,2981,2021,CILP,6,4,2983.823529411765,2022.5294117647059,17
104748,2990,2020,CILP,8,9,2993.32,2023.64,25
104754,3883,2021,CILP,37,34,3900.6182048040455,2037.9115044247787,791
104767,4764,2020,CILP,11,9,4769.804878048781,2024.1463414634147,41
104853,1703,2023,CILP,6,8,1705.45,2026.9,20
104888,3314,2023,CILP,6,5,3316.8888888888887,2024.611111111111,18
104929,5189,2023,CILP,29,42,5202.881471389645,2043.3950953678475,734
105144,1529,2027,CILP,5,5,1531.1333333333334,2029.2666666666667,15
105353,4769,2029,CILP,4,6,4770.3,2031.7,10
105400,5789,2029,CILP,6,5,5791.916666666667,2030.6666666666667,12
105403,5894,2029,CILP,24,22,5905.508241758242,2039.868131868132,364
105426,776,2030,CILP,4,4,777.8,2031.7,10
105684,467,2034,CILP,5,4,468.93333333333334,2035.8666666666666,15
105842,1708,2036,CILP,5,5,1709.909090909091,2038.0,11
105991,1517,2039,CILP,14,16,1523.3581081081081,2047.1148648648648,148
106017,2106,2038,CILP,5,6,2107.9545454545455,2040.8636363636363,22
106119,5498,2039,CILP,11,11,5502.175,2044.2125,80
106126,5798,2039,CILP,7,4,5801.473684210527,2040.3157894736842,19
106167,1063,2041,CILP,8,10,1065.8285714285714,2045.4,35
106188,2080,2040,CILP,36,44,2096.785065590313,2061.853683148335,991
106209,3634,2040,CILP,4,4,3635.3636363636365,2041.5454545454545,11
106319,1950,2042,CILP,5,6,1952.1904761904761,2044.3809523809523,21
106586,1990,2046,CILP,10,9,1995.3235294117646,2050.676470588235,34
106849,890,2050,CILP,9,6,894.2,2052.52,25
106913,4781,2050,CILP,4,5,4783.0,2051.7,10
106956,5915,2051,CILP,4,5,5916.333333333333,2053.4166666666665,12
106957,6018,2050,CILP,6,6,6020.8421052631575,2052.4210526315787,19
107035,3287,2053,CILP,4,4,3288.5454545454545,2054.3636363636365,11
107216,5048,2054,CILP,15,13,5053.810810810811,2060.4954954954956,111
107252,696,2056,CILP,10,12,700.8214285714286,2061.625,56
107378,5393,2056,CILP,34,26,5409.271453590192,2068.448336252189,571
107509,4995,2059,CILP,23,23,5006.548484848485,2069.830303030303,330
107612,2332,2060,CILP,31,33,2346.509316770186,2076.6770186335402,644
107624,4438,2061,CILP,13,9,4444.222222222223,2065.2916666666665,72
107767,3389,2063,CILP,21,19,3398.9358974358975,2072.7948717948716,156
108176,3100,2068,CILP,37,40,3118.4099895941727,2088.012486992716,961
108369,4972,2070,CILP,33,28,4984.14406779661,2083.2909604519773,354
108420,918,2073,CILP,4,7,919.6666666666666,2076.5833333333335,12
108826,5502,2077,CILP,15,15,5508.687943262411,2084.177304964539,141
108942,5166,2079,CILP,31,47,5181.172032193159,2102.4386317907447,994
109081,4966,2080,CILP,4,4,4967.1,2081.8,10
109220,4992,2083,CILP,6,7,4994.733333333334,2086.2,15
109281,777,2084,CILP,8,5,780.5217391304348,2085.8695652173915,23
109326,4095,2085,CILP,38,39,4112.778911564626,2104.6111111111113,882
109393,5518,2084,CILP,11,13,5523.142857142857,2090.3673469387754,49
109515,5006,2087,CILP,5,7,5008.125,2090.75,16
109636,4546,2089,CILP,26,22,4557.154545454546,2099.639393939394,330
109951,3281,2092,CILP,29,27,3295.7064017660045,2105.5033112582782,453
110031,521,2094,CILP,9,9,525.4285714285714,2097.6071428571427,28
110208,1755,2096,CILP,24,21,1766.3559322033898,2107.3389830508477,236
110260,4822,2096,CILP,25,23,4834.1921708185055,2108.3772241992883,281
110405,4705,2098,CILP,17,20,4713.336956521739,2107.625,184
110418,4815,2099,CILP,4,4,4816.166666666667,2100.5,12
110551,4702,2100,CILP,4,6,4703.357142857143,2102.3571428571427,14
110700,4803,2103,CILP,18,23,4811.021857923497,2113.2021857923496,183
110781,1368,2105,CILP,10,6,1372.8333333333333,2107.5555555555557,36
110782,1382,2104,CILP,8,7,1385.2142857142858,2106.75,28
110808,2163,2105,CILP,24,21,2175.725,2115.04,200
111099,3059,2109,CILP,39,42,3078.1899383983573,2129.229979466119,974
111183,1839,2111,CILP,10,6,1843.9714285714285,2113.3714285714286,35
111319,3434,2112,CILP,6,5,3436.35,2114.2,20
111350,5008,2113,CILP,10,9,5012.705882352941,2117.0882352941176,34
111609,5017,2116,CILP,7,6,5020.529411764706,2118.6470588235293,17
111731,4817,2119,CILP,8,11,4820.612903225807,2124.7419354838707,31
111835,3157,2121,CILP,7,6,3159.9473684210525,2123.7368421052633,19
111851,4825,2121,CILP,9,12,4829.615384615385,2126.923076923077,39
111896,5627,2121,CILP,5,5,5629.0,2123.235294117647,17
112086,3208,2124,CILP,30,32,3223.4481054365733,2139.457990115321,607
112171,1961,2126,CILP,5,5,1962.8125,2128.375,16
112340,3816,2129,CILP,14,17,3822.5968992248063,2136.4573643410854,129
112346,4225,2129,CILP,33,29,4240.501592356688,2143.2006369426754,628
112466,3519,2131,CILP,34,33,3534.9676945668134,2147.088105726872,681
112607,4389,2132,CILP,19,22,4398.256505576208,2142.732342007435,269
112619,4822,2133,CILP,14,8,4827.512195121952,2136.390243902439,41
112746,3490,2135,CILP,25,27,3501.7188940092165,2148.5506912442397,434
112972,1561,2139,CILP,7,7,1564.0357142857142,2141.6071428571427,28
113020,3974,2139,CILP,35,37,3990.4285714285716,2157.054945054945,728
113155,4561,2140,CILP,14,15,4567.504273504273,2147.5384615384614,117
113193,5096,2140,CILP,11,14,5100.363636363636,2147.1969696969695,66
113523,2343,2147,CILP,24,26,2354.441687344913,2159.253101736973,403
113794,2521,2151,CILP,37,34,2539.214285714286,2167.3756613756614,756
113827,4888,2151,CILP,6,5,4890.375,2153.0625,16
113877,657,2152,CILP,12,8,662.2352941176471,2155.3529411764707,34
113942,3614,2152,CILP,5,5,3615.4736842105262,2153.9473684210525,19
114047,2202,2154,CILP,5,5,2203.909090909091,2156.090909090909,22
114101,4967,2154,CILP,7,6,4970.354838709677,2156.5806451612902,31
114272,775,2159,CILP,9,9,778.3333333333334,2163.1111111111113,27
114303,2559,2159,CILP,10,8,2563.212121212121,2162.4545454545455,33
114309,2798,2158,CILP,20,21,2807.4517241379313,2167.848275862069,290
114526,2026,2163,CILP,6,5,2028.2916666666667,2164.9583333333335,24
115310,3210,2175,CILP,6,7,3212.4827586206898,2178.6206896551726,29
115377,1768,2177,CILP,6,5,1770.764705882353,2179.0,17
116304,5736,2191,CILP,21,15,5745.016853932584,2198.758426966292,178
116440,2042,2194,CILP,7,6,2045.111111111111,2195.8333333333335,18
116864,5830,2201,CILP,4,5,5831.3125,2203.0625,16
117033,4724,2204,CILP,7,6,4727.25,2206.5,20
117270,176,2210,CILP,22,19,187.29460580912863,2219.182572614108,241
117850,739,2223,CILP,8,5,741.6666666666666,2224.133333333333,15
117851,748,2223,CILP,10,10,752.2545454545455,2227.309090909091,55
117854,831,2222,CILP,9,10,834.8235294117648,2226.0,34
117860,1352,2223,CILP,8,6,1354.611111111111,2225.3888888888887,18
118133,733,2228,CILP,20,18,741.8473282442748,2236.06106870229,131
118211,5505,2229,CILP,9,8,5509.035714285715,2232.464285714286,28
118295,5482,2230,CILP,5,8,5484.1875,2233.375,16
118297,5523,2230,CILP,6,5,5525.545454545455,2232.3636363636365,11
118313,998,2232,CILP,5,4,999.9,2233.6,10
118729,1071,2242,CILP,10,11,1075.0983606557377,2246.8032786885246,61
118814,1086,2244,CILP,28,22,1100.7916666666667,2254.1111111111113,288
118863,5323,2245,CILP,5,12,5324.4,2250.45,20
118941,5328,2246,CILP,13,10,5333.584615384615,2250.8153846153846,65
118955,735,2248,CILP,6,3,737.6363636363636,2248.909090909091,11
119251,1379,2256,CILP,7,12,1382.2222222222222,2260.8888888888887,45
119308,5554,2257,CILP,7,5,5557.333333333333,2259.0,24
119326,841,2259,CILP,5,3,842.9090909090909,2260.0,11
119472,785,2263,CILP,4,9,786.9333333333333,2267.6,15
120492,1114,2288,CILP,7,5,1117.08,2290.24,25
120555,556,2291,CILP,16,14,564.8125,2297.2708333333335,96
120575,2234,2291,CILP,6,5,2236.0,2293.2,20
120894,730,2300,CILP,30,28,743.6800947867299,2312.7582938388628,422
120895,752,2300,CILP,4,7,753.6,2302.9333333333334,15
120976,2436,2303,CILP,8,8,2439.472222222222,2306.5555555555557,36
121040,3170,2304,CILP,10,5,3174.0,2306.2,20
121207,5330,2309,CILP,10,11,5333.793650793651,2314.84126984127,63
121352,2701,2315,CILP,5,3,2702.818181818182,2315.909090909091,11
121572,1969,2323,CILP,7,8,1971.7333333333333,2326.9333333333334,30
121614,5326,2322,CILP,6,5,5329.071428571428,2323.714285714286,14
121674,956,2327,CILP,4,4,957.8181818181819,2328.090909090909,11
