cellid,cellx,celly,ACAN,CHAD,CHI3L1,CHI3L2,CILP,COL1A2,COL2A1,COL3A1,CRTAC1,PRG4,STC2
Cell 0,3096.7419354838707,194.5,0,22,0,34,65,181,214,911,39,0,0
Cell 1,5937.653846153846,333.0769230769231,0,0,0,0,0,0,0,69,0,0,0
Cell 2,4419.705882352941,343.3529411764706,0,0,0,81,349,0,439,447,52,307,0
Cell 3,4195.241379310345,359.4942528735632,0,0,24,259,62,0,173,103,0,368,0
Cell 4,4630.8125,371.14285714285717,0,0,0,206,10,0,106,390,0,293,0
Cell 5,3706.29,381.47,0,0,0,217,0,0,271,0,552,10,0
Cell 6,3774.050505050505,382.54545454545456,0,0,72,82,0,0,25,207,62,195,0
Cell 7,3717.191489361702,385.78723404255317,0,0,0,0,473,0,0,580,0,0,0
Cell 8,4564.914634146341,384.9756097560976,0,0,0,129,190,89,586,0,116,15,0
Cell 9,4732.153846153846,385.96153846153845,0,0,0,0,0,25,97,46,0,0,0
Cell 10,5227.736842105263,392.39181286549706,96,0,35,129,100,456,115,0,215,265,33
Cell 11,3975.9454545454546,391.05454545454546,0,0,0,0,13,0,0,0,0,138,0
Cell 12,3966.1486486486488,392.7837837837838,0,0,451,989,58,0,217,732,217,0,0
Cell 13,5697.534246575343,397.2191780821918,0,0,17,466,107,131,84,698,55,152,0
Cell 14,5829.715789473684,399.17894736842106,0,0,0,610,26,0,446,0,0,556,0
Cell 15,4014.951219512195,402.2926829268293,0,0,331,60,12,0,252,145,133,29,0
Cell 16,4097.946666666667,400.14666666666665,0,0,639,222,0,0,428,1192,91,331,0
Cell 17,3117.074074074074,413.1296296296296,0,0,0,66,18,55,185,305,261,607,0
Cell 18,4952.045454545455,409.9431818181818,0,0,0,12,33,13,76,128,0,14,0
Cell 19,4050.9154929577467,413.2535211267606,0,12,29,0,414,0,396,329,142,0,0
Cell 20,5426.329113924051,418.56962025316454,0,0,0,0,0,72,210,0,17,0,0
Cell 21,3925.2705882352943,420.81176470588235,0,0,278,115,0,0,101,601,73,91,0
Cell 22,4875.936046511628,427.7151162790698,75,81,68,602,582,0,971,0,224,299,0
Cell 23,4968.3861386138615,428.34653465346537,44,0,0,157,181,29,0,0,40,107,0
Cell 24,3714.1013513513512,434.18243243243245,0,0,171,160,76,0,147,264,203,0,0
Cell 25,3442.861386138614,435.4950495049505,0,0,283,0,0,0,0,322,67,629,0
Cell 26,5442.226804123711,437.1958762886598,0,0,0,79,21,0,0,0,58,228,0
Cell 27,3237.7809523809524,443.1142857142857,0,0,0,0,26,0,382,337,0,0,0
Cell 28,3052.1666666666665,444.17857142857144,0,0,424,557,10,0,89,357,82,251,0
Cell 29,3249.5232558139537,446.36046511627904,0,0,0,0,48,0,0,0,0,0,0
Cell 30,5078.826666666667,444.85333333333335,0,0,0,0,23,206,70,610,0,36,0
Cell 31,2979.5853658536585,447.6707317073171,0,0,0,0,223,0,0,0,29,0,0
Cell 32,3905.096153846154,445.09615384615387,0,0,140,167,403,0,60,0,40,49,0
Cell 33,2965.0694444444443,449.31944444444446,0,0,297,334,13,0,280,872,0,284,0
Cell 34,5327.965909090909,452.71590909090907,0,20,385,400,96,0,0,0,12,0,0
Cell 35,3681.021052631579,455.2631578947368,0,0,0,0,0,26,0,0,0,0,0
Cell 36,5313.701030927835,455.87628865979383,0,0,0,0,10,277,0,786,77,248,0
Cell 37,4722.941176470588,456.75,0,0,0,26,0,0,241,700,0,0,0
Cell 38,3657.6666666666665,459.5072463768116,0,0,0,0,0,0,0,0,0,616,0
Cell 39,3669.105769230769,462.375,18,0,437,793,216,0,499,0,317,0,0
Cell 40,4013.6875,462.525,0,0,975,299,481,19,18,1286,73,0,0
Cell 41,5108.247311827957,466.5268817204301,0,12,0,0,114,97,556,237,0,0,0
Cell 42,2786.373134328358,471.07462686567163,0,0,0,722,0,0,0,757,0,0,0
Cell 43,4447.814814814815,472.6296296296296,0,0,0,0,0,0,0,0,0,0,0
Cell 44,5593.328358208955,473.910447761194,0,0,0,41,150,179,693,987,23,668,0
Cell 45,3141.7634408602153,484.8494623655914,0,0,0,0,0,0,498,841,0,190,0
Cell 46,3118.235294117647,482.0,0,0,0,732,0,0,62,0,0,0,0
Cell 47,3576.75,479.9347826086956,0,0,157,194,145,244,466,347,118,271,0
Cell 48,4443.402597402597,482.2077922077922,0,0,79,140,162,0,752,205,110,174,0
Cell 49,3297.0163934426228,485.0327868852459,0,0,33,39,143,59,463,0,23,0,0
Cell 50,4632.98,484.44,0,0,0,50,18,367,0,856,14,0,0
Cell 51,4646.298507462687,487.17910447761193,0,0,0,211,559,0,313,284,24,0,0
Cell 52,253.48333333333332,488.6,40,85,0,0,763,0,275,37,17,0,0
Cell 53,3704.7678571428573,490.0,0,0,361,23,12,0,38,484,0,0,0
Cell 54,3114.55737704918,493.655737704918,0,0,109,0,44,0,15,0,0,0,0
Cell 55,4492.730158730159,492.4761904761905,26,55,16,242,0,0,0,0,73,165,0
Cell 56,3399.925531914894,508.22340425531917,24,95,319,908,207,51,281,511,94,0,0
Cell 57,2652.375,507.0,0,0,198,506,0,0,11,515,36,125,0
Cell 58,5280.380434782609,510.6630434782609,66,41,0,47,345,70,423,1156,58,105,0
Cell 59,4488.552083333333,512.8229166666666,20,16,0,39,268,50,0,0,47,0,0
Cell 60,2798.4125,512.825,0,0,0,49,396,0,0,597,44,241,0
Cell 61,3313.2705882352943,513.8470588235294,0,0,730,422,44,0,12,0,0,0,0
Cell 62,5272.265822784811,520.493670886076,0,0,0,0,14,0,0,0,0,0,0
Cell 63,3076.4032258064517,526.3387096774194,11,0,0,0,245,12,884,0,80,0,0
Cell 64,3525.366336633663,531.980198019802,16,97,0,312,309,0,377,771,118,0,0
Cell 65,2495.3026315789475,532.0394736842105,0,0,47,265,0,0,503,956,72,435,0
Cell 66,3057.190476190476,537.4666666666667,0,0,0,0,16,0,0,0,106,0,0
Cell 67,3642.0652173913045,535.445652173913,48,83,195,801,929,47,0,0,101,14,0
Cell 68,3676.602564102564,540.1538461538462,0,0,10,22,0,0,0,0,18,0,0
Cell 69,2844.6173913043476,542.8521739130434,11,0,523,360,0,0,0,202,0,19,0
Cell 70,3219.9477611940297,544.1716417910447,0,11,0,0,0,0,0,0,0,0,0
Cell 71,3244.9529411764706,546.0,0,0,0,0,0,0,0,0,0,0,0
Cell 72,3694.3928571428573,545.75,0,0,0,41,15,0,0,0,0,0,0
Cell 73,4911.164383561644,547.1917808219179,16,110,0,0,396,37,1571,1428,33,293,0
Cell 74,3064.795918367347,551.7551020408164,0,0,560,0,156,0,0,0,90,0,0
Cell 75,3232.375,551.5,15,0,720,0,0,0,410,0,491,0,0
Cell 76,5698.673076923077,560.1057692307693,39,222,0,107,515,10,0,0,69,332,0
Cell 77,3420.7263157894736,561.8210526315789,17,15,11,582,319,0,459,808,45,0,0
Cell 78,5795.335329341317,564.0479041916168,109,359,0,217,0,227,0,0,11,196,0
Cell 79,5489.177083333333,563.40625,32,179,0,31,595,205,0,0,25,18,0
Cell 80,5875.587628865979,565.639175257732,55,76,0,149,563,82,0,0,22,158,32
Cell 81,5947.639175257732,564.0721649484536,0,132,0,146,915,0,0,51,0,193,0
Cell 82,4356.050632911392,567.2405063291139,140,171,0,224,0,518,0,0,133,0,0
Cell 83,4532.280303030303,568.6287878787879,180,315,10,195,0,205,255,285,234,162,48
Cell 84,2480.6716417910447,569.3283582089553,0,0,0,0,0,0,0,0,0,0,0
Cell 85,5816.6138613861385,569.7722772277227,41,131,0,195,0,499,0,0,0,204,0
Cell 86,4333.161904761905,580.3809523809524,44,117,32,36,0,0,0,0,65,0,0
Cell 87,5864.378378378378,581.027027027027,0,0,0,0,0,14,0,11,0,0,0
Cell 88,2410.0943396226417,583.5471698113207,0,0,0,0,114,0,154,400,87,304,0
Cell 89,2255.4368932038833,586.2718446601941,0,0,119,739,254,0,0,280,168,0,0
Cell 90,4228.487804878048,587.2073170731708,0,0,0,0,225,0,563,642,0,0,0
Cell 91,5190.735042735043,588.1880341880342,65,112,0,85,1079,931,0,184,225,280,0
Cell 92,2225.9238095238097,590.2476190476191,0,0,0,0,137,48,776,0,221,0,0
Cell 93,2639.6603773584907,587.3207547169811,0,0,350,729,460,0,350,768,210,27,0
Cell 94,4511.458333333333,589.1979166666666,44,221,115,92,0,48,0,0,154,114,0
Cell 95,4052.8947368421054,593.1228070175439,41,121,0,91,837,41,959,0,80,11,0
Cell 96,4133.805825242718,592.7184466019418,46,235,0,74,963,341,1106,0,144,0,0
Cell 97,5814.7786885245905,591.8934426229508,20,144,11,130,0,98,0,0,0,370,0
Cell 98,2313.278260869565,594.8,0,0,0,513,168,81,273,463,218,422,0
Cell 99,2473.987012987013,593.2337662337662,0,0,0,489,538,0,759,35,367,157,0
Cell 100,4612.272727272727,593.1818181818181,41,88,0,17,0,0,0,0,0,29,0
Cell 101,2955.357894736842,596.8,39,0,41,74,0,425,0,0,0,0,0
Cell 102,5724.448275862069,597.3908045977012,75,145,0,180,551,256,0,0,96,92,0
Cell 103,2460.5423728813557,597.728813559322,0,0,391,0,0,0,0,29,0,0,0
Cell 104,5362.534090909091,597.1931818181819,0,0,0,0,0,0,0,0,0,0,0
Cell 105,5380.464566929134,601.4251968503937,73,410,0,0,876,357,0,0,61,0,0
Cell 106,5643.1511627906975,600.0116279069767,0,0,0,0,18,0,0,0,0,0,0
Cell 107,2872.6867469879517,602.855421686747,0,0,276,463,649,224,341,611,323,53,0
Cell 108,4624.954022988506,606.8045977011494,57,190,0,151,530,754,1019,0,0,142,0
Cell 109,5760.521367521367,610.034188034188,49,161,0,176,318,79,0,0,49,96,0
Cell 110,2973.861386138614,610.7623762376238,26,0,966,0,0,11,0,0,0,0,0
Cell 111,2954.2,613.0,0,25,0,0,0,0,0,0,217,0,0
Cell 112,5669.603603603604,614.6486486486486,124,259,0,135,918,259,0,0,39,31,35
Cell 113,2459.269565217391,615.0869565217391,0,0,10,0,0,0,0,34,0,0,0
Cell 114,3703.1927710843374,616.1325301204819,11,27,21,349,249,0,720,561,17,0,0
Cell 115,4365.7532467532465,616.1298701298701,16,0,0,27,0,17,0,0,0,0,0
Cell 116,1852.816,620.592,0,0,49,133,0,0,0,844,643,0,771
Cell 117,3715.681818181818,619.3939393939394,0,0,0,0,0,0,144,11,0,0,0
Cell 118,3069.529411764706,623.3823529411765,24,55,292,292,245,124,456,738,84,0,0
Cell 119,4382.9876543209875,622.4567901234568,72,39,556,277,0,0,0,0,37,0,0
Cell 120,5384.315217391304,620.2608695652174,19,76,0,0,250,0,0,0,0,0,0
Cell 121,5631.0192307692305,619.0192307692307,0,0,0,0,52,34,0,0,0,0,0
Cell 122,2768.5365853658536,623.719512195122,75,130,112,0,29,0,0,277,222,39,0
Cell 123,5070.616161616162,625.5555555555555,35,62,0,0,260,350,0,910,296,0,0
Cell 124,2975.6774193548385,627.1935483870968,0,92,0,0,0,0,0,0,261,0,0
Cell 125,4360.568181818182,629.9545454545455,49,267,0,0,0,185,0,0,0,0,0
Cell 126,5966.776699029127,632.0097087378641,58,237,0,122,679,322,948,747,0,218,0
Cell 127,2458.646153846154,632.4,0,0,519,218,24,0,61,225,80,0,0
Cell 128,3212.6043956043954,633.6483516483516,0,0,416,254,549,0,600,775,153,108,0
Cell 129,2613.293103448276,636.0344827586207,0,0,0,49,23,0,132,28,0,0,0
Cell 130,2778.5636363636363,636.1818181818181,0,0,0,0,0,0,0,0,0,0,0
Cell 131,3943.088888888889,637.2888888888889,14,150,0,128,1116,524,1617,904,105,0,0
Cell 132,2790.474358974359,639.3076923076923,0,0,0,0,0,76,0,0,34,0,0
Cell 133,5499.535714285715,639.4107142857143,0,0,0,0,0,0,0,0,0,0,0
Cell 134,5656.302325581395,641.8720930232558,38,127,0,94,0,80,0,0,29,36,0
Cell 135,5349.8230088495575,641.1681415929204,0,125,0,0,311,18,804,627,0,0,0
Cell 136,2469.5671641791046,652.1194029850747,0,0,0,0,0,0,0,10,0,0,0
Cell 137,2639.2391304347825,649.3260869565217,0,0,29,0,290,68,650,483,15,0,0
Cell 138,2361.721153846154,654.6057692307693,0,10,61,317,530,0,310,892,200,56,0
Cell 139,5513.272727272727,652.3272727272728,25,74,0,31,77,559,0,0,0,0,0
Cell 140,5147.028571428571,656.0666666666667,30,283,0,27,0,451,0,0,34,30,0
Cell 141,2204.818181818182,657.7474747474747,18,0,100,467,206,0,555,544,207,568,0
Cell 142,2285.5,657.546875,0,0,0,0,28,12,0,0,0,0,0
Cell 143,3304.2165605095543,662.2611464968153,0,46,0,138,722,119,507,934,293,29,0
Cell 144,5162.671052631579,660.9342105263158,45,0,0,26,917,0,0,0,0,49,0
Cell 145,2124.53164556962,661.2658227848101,0,0,0,0,203,0,936,0,268,616,0
Cell 146,2098.3953488372094,663.9069767441861,28,0,0,928,92,0,0,0,146,265,0
Cell 147,2301.2846153846153,667.3615384615384,35,21,410,985,493,0,995,0,257,692,0
Cell 148,2791.1944444444443,664.2083333333334,0,26,234,0,0,216,0,0,37,0,0
Cell 149,2282.268656716418,672.8955223880597,0,0,0,0,0,0,0,0,121,0,0
Cell 150,2363.785714285714,673.6,0,18,0,13,0,0,48,11,0,0,0
Cell 151,3339.4945054945056,673.6483516483516,0,62,138,350,668,241,695,996,192,0,0
Cell 152,4513.691588785046,677.5420560747664,16,155,0,0,675,0,757,292,45,0,0
Cell 153,4095.65,681.4125,45,563,0,382,0,0,0,0,0,0,0
Cell 154,2044.6521739130435,681.2391304347826,0,0,249,639,920,189,281,558,246,443,0
Cell 155,3644.6721311475408,685.5901639344262,0,0,0,0,93,111,177,542,0,0,0
Cell 156,5853.666666666667,687.0714285714286,78,363,0,108,748,58,912,10,40,178,0
Cell 157,5048.269841269841,689.7777777777778,70,164,0,20,958,82,0,0,62,182,0
Cell 158,2841.6736842105265,692.3368421052631,25,72,437,353,0,0,0,0,207,201,0
Cell 159,4109.890243902439,690.7073170731708,145,0,0,0,0,761,0,0,445,11,0
Cell 160,4223.11,693.35,50,0,0,80,0,644,0,0,15,0,24
Cell 161,2805.5116279069766,694.546511627907,155,283,74,0,0,164,0,0,0,148,0
Cell 162,2978.355029585799,694.6863905325444,62,57,278,337,696,814,0,0,305,271,90
Cell 163,4144.3456790123455,694.3086419753087,79,188,0,108,0,68,0,0,11,99,0
Cell 164,4095.9736842105262,695.0921052631579,20,0,0,0,0,0,0,0,0,0,0
Cell 165,4211.746987951808,698.6024096385543,21,198,77,49,937,0,0,0,60,0,12
Cell 166,5490.033707865168,697.4157303370787,66,145,0,77,221,804,0,0,0,0,0
Cell 167,5953.169811320755,702.2452830188679,26,472,0,254,0,750,0,0,0,142,0
Cell 168,4642.552,707.848,200,714,0,12,0,881,445,0,112,14,14
Cell 169,5061.96,704.71,46,178,0,0,35,35,0,0,93,0,0
Cell 170,2648.2843137254904,706.9411764705883,40,0,460,517,474,77,815,722,237,0,0
Cell 171,4144.557894736842,710.3684210526316,0,0,0,18,926,18,0,0,12,0,0
Cell 172,5519.977777777778,710.7666666666667,42,12,0,14,270,25,0,0,15,0,0
Cell 173,3904.214285714286,710.2571428571429,0,12,23,0,525,0,410,566,13,61,0
Cell 174,2802.7027027027025,715.6351351351351,16,0,0,0,0,0,0,0,0,13,0
Cell 175,5564.06611570248,718.1900826446281,72,377,0,181,681,265,0,0,76,86,0
Cell 176,2814.684210526316,722.1684210526316,0,0,260,0,0,0,0,0,659,31,0
Cell 177,3779.6451612903224,728.2795698924731,59,182,44,81,678,0,0,0,64,0,0
Cell 178,4628.082191780822,730.1095890410959,0,42,0,0,0,0,0,0,0,37,0
Cell 179,3517.7533333333336,732.6933333333334,73,139,0,284,721,13,775,0,182,0,0
Cell 180,4637.4647887323945,733.5774647887324,69,0,27,61,0,0,0,0,36,0,0
Cell 181,5175.072916666667,733.8020833333334,87,214,0,0,0,0,62,257,46,213,0
Cell 182,2202.9876543209875,738.358024691358,0,0,228,0,0,12,156,0,200,0,0
Cell 183,2510.5135135135133,736.581081081081,0,0,0,0,0,0,754,19,0,0,0
Cell 184,5027.308823529412,736.9117647058823,27,132,0,0,420,181,0,0,18,0,0
Cell 185,1679.421052631579,741.2736842105263,0,35,0,136,116,276,470,280,215,89,19
Cell 186,2765.3636363636365,744.6464646464647,49,75,0,593,0,137,0,0,333,0,0
Cell 187,4247.127659574468,743.6382978723404,75,109,20,28,442,12,767,395,36,164,0
Cell 188,2179.837837837838,745.3378378378378,0,0,349,0,0,923,149,0,177,0,0
Cell 189,2227.0857142857144,744.4571428571429,0,0,46,0,51,0,19,0,10,0,0
Cell 190,2524.2972972972975,745.418918918919,40,111,281,245,727,0,0,23,502,0,0
Cell 191,5199.275362318841,745.2898550724638,21,110,0,0,0,61,0,292,41,42,0
Cell 192,5916.425925925926,747.5462962962963,101,121,0,116,424,421,0,59,0,63,0
Cell 193,6021.935064935065,749.2987012987013,28,0,0,0,0,151,568,182,0,227,0
Cell 194,2979.5233644859813,752.2523364485982,16,152,54,22,0,0,0,0,171,0,22
Cell 195,3020.0163934426228,754.8852459016393,0,0,78,201,160,0,202,175,35,0,0
Cell 196,4442.4,758.98,0,64,0,0,0,0,0,0,0,0,0
Cell 197,3701.222222222222,760.5432098765432,16,14,0,0,110,82,637,579,25,0,0
Cell 198,4480.650485436893,762.0679611650486,79,277,0,21,775,278,0,977,93,181,21
Cell 199,2546.681818181818,764.8333333333334,0,0,0,31,99,0,57,15,0,0,0
Cell 200,3544.648936170213,763.3404255319149,16,419,0,198,0,0,0,0,73,0,0
Cell 201,5830.980952380953,766.5333333333333,86,217,0,175,781,244,0,0,0,747,19
Cell 202,2964.7241379310344,770.6666666666666,0,189,183,181,0,186,0,0,0,0,0
Cell 203,1614.019801980198,773.5940594059406,0,0,146,452,217,79,412,577,214,395,0
Cell 204,2087.2169811320755,776.0754716981132,52,52,335,335,927,510,0,982,249,74,0
Cell 205,2882.4523809523807,772.9166666666666,0,34,48,0,150,83,663,841,29,0,12
Cell 206,1829.5072463768115,774.5652173913044,0,0,0,233,0,0,60,54,49,18,0
Cell 207,3536.8155339805826,776.8543689320388,33,0,0,112,0,851,0,0,152,22,0
Cell 208,4442.941747572816,776.6796116504854,79,243,13,27,800,71,0,675,50,40,21
Cell 209,1793.9733333333334,778.5066666666667,0,0,0,94,0,0,48,69,140,0,0
Cell 210,2974.891304347826,780.5652173913044,34,0,0,0,0,0,0,0,293,78,0
Cell 211,1406.9013157894738,784.6315789473684,0,0,32,10,159,0,70,47,75,0,0
Cell 212,2437.061855670103,783.639175257732,11,42,148,0,0,0,0,22,0,0,0
Cell 213,2332.559633027523,786.6146788990826,13,41,0,445,516,147,0,714,180,143,0
Cell 214,4892.425531914893,787.468085106383,124,595,23,31,608,190,606,1865,129,204,67
Cell 215,3094.2190476190476,787.8190476190476,0,67,0,0,655,0,0,0,0,93,0
Cell 216,4295.884615384615,787.5384615384615,118,292,0,0,553,31,1013,292,36,0,40
Cell 217,5209.736434108527,790.4186046511628,91,255,0,0,842,373,0,752,116,38,0
Cell 218,3440.5042016806724,790.5714285714286,57,269,0,270,0,0,0,0,282,24,0
Cell 219,3777.942528735632,789.264367816092,84,176,0,0,0,303,0,0,0,0,0
Cell 220,1986.590909090909,794.4659090909091,0,0,0,44,489,0,0,203,173,197,0
Cell 221,2449.2933333333335,793.92,31,71,0,16,0,495,0,0,306,0,0
Cell 222,2002.864406779661,795.8474576271186,0,0,696,171,0,47,0,167,125,42,0
Cell 223,5603.447619047619,796.3333333333334,73,234,0,166,530,311,0,0,47,99,0
Cell 224,1626.8793103448277,796.2241379310345,0,0,0,0,0,0,70,0,0,0,0
Cell 225,4508.835820895522,799.1865671641791,52,107,10,10,456,53,113,679,25,28,0
Cell 226,5577.322222222222,799.3222222222222,83,156,0,102,332,457,0,0,37,63,0
Cell 227,3448.402298850575,803.1494252873563,23,0,0,0,0,67,0,0,0,11,0
Cell 228,3780.2,801.8941176470588,77,0,147,17,872,0,0,0,266,0,0
Cell 229,4362.952941176471,802.8823529411765,10,114,0,0,262,40,942,445,12,37,0
Cell 230,3103.7809523809524,804.8095238095239,0,113,0,381,0,0,0,0,488,0,0
Cell 231,3935.3645833333335,806.1458333333334,58,192,0,0,995,36,717,861,13,0,0
Cell 232,4075.3333333333335,805.528735632184,20,136,32,0,779,17,415,1256,31,0,0
Cell 233,5004.0,807.4938271604939,46,600,0,15,0,63,0,0,51,13,0
Cell 234,2214.561403508772,807.1052631578947,24,0,202,796,92,0,0,0,45,0,0
Cell 235,5029.587155963302,810.183486238532,51,0,24,0,0,100,0,0,76,14,0
Cell 236,2425.5934065934066,809.4835164835165,60,27,147,0,0,0,0,0,0,0,0
Cell 237,1649.8428571428572,810.1,0,0,0,444,148,11,92,374,131,130,0
Cell 238,1691.896551724138,811.2586206896551,0,0,0,0,0,0,0,0,0,0,0
Cell 239,2638.846153846154,811.3076923076923,0,0,804,830,311,12,181,669,93,159,0
Cell 240,3539.564516129032,809.3548387096774,26,156,0,101,0,260,0,0,53,0,0
Cell 241,5984.810810810811,814.2162162162163,0,0,0,0,0,0,616,0,0,0,0
Cell 242,3292.776699029126,817.0776699029126,0,0,0,0,19,232,415,634,10,0,0
Cell 243,4966.1648351648355,816.2527472527472,84,0,0,11,0,0,0,0,16,17,32
Cell 244,1501.051724137931,815.4655172413793,0,13,493,0,0,0,0,0,0,0,0
Cell 245,4955.235294117647,818.5588235294117,0,0,0,0,0,192,0,0,103,27,0
Cell 246,3607.0116279069766,819.4418604651163,11,325,17,83,878,339,999,883,64,0,21
Cell 247,1712.159420289855,820.536231884058,34,0,10,102,277,72,541,462,122,0,0
Cell 248,1514.2297297297298,821.4459459459459,21,86,0,608,961,791,0,0,385,94,0
Cell 249,2247.6754385964914,823.6140350877193,0,43,0,81,0,0,0,0,35,77,0
Cell 250,2436.720930232558,825.2558139534884,61,0,320,0,0,464,0,0,361,0,0
Cell 251,3199.4094488188975,825.3700787401575,20,85,0,0,0,0,0,851,186,56,71
Cell 252,2366.2523364485983,828.0934579439253,66,85,201,877,564,0,466,972,412,0,0
Cell 253,5955.036585365854,827.7926829268292,130,282,0,150,574,544,0,0,0,94,0
Cell 254,1527.2916666666667,828.3194444444445,0,0,74,0,154,319,925,798,110,0,0
Cell 255,3091.409090909091,830.3295454545455,0,0,0,400,0,0,0,0,350,0,0
Cell 256,3731.5697674418607,829.1511627906976,41,101,0,0,474,0,773,516,15,0,22
Cell 257,2175.5789473684213,831.1578947368421,0,66,10,94,0,298,0,0,216,216,0
Cell 258,1240.2758620689656,832.183908045977,0,0,114,265,132,92,344,343,142,0,0
Cell 259,1185.1238938053098,835.0442477876106,0,0,0,204,57,99,213,228,158,258,0
Cell 260,5080.175675675676,834.2702702702703,0,0,0,0,222,237,680,653,0,0,0
Cell 261,5092.603448275862,837.3965517241379,0,0,0,0,0,22,0,0,0,0,0
Cell 262,3038.5287356321837,842.551724137931,17,0,0,16,516,243,826,439,83,0,0
Cell 263,3083.8888888888887,840.2037037037037,15,225,702,0,0,0,0,0,0,0,0
Cell 264,4937.153846153846,840.6,34,0,0,0,0,321,0,0,13,0,0
Cell 265,2136.714285714286,841.7142857142857,22,91,0,0,0,619,0,0,0,0,0
Cell 266,2248.6301369863013,846.6986301369863,0,81,191,15,911,0,0,0,67,0,0
Cell 267,2594.656862745098,848.0686274509804,56,58,0,348,815,122,0,0,287,0,0
Cell 268,2768.7263157894736,848.5368421052632,0,0,0,106,162,58,565,661,0,0,0
Cell 269,4791.19587628866,848.1134020618557,133,483,24,51,493,874,174,0,39,0,78
Cell 270,2151.5089285714284,850.9196428571429,49,67,231,534,0,0,0,0,293,189,37
Cell 271,4287.798701298701,850.5584415584416,0,344,0,0,806,29,0,382,30,10,27
Cell 272,1370.964705882353,856.9529411764706,0,0,450,341,13,0,385,369,13,0,0
Cell 273,5937.193181818182,851.75,18,156,0,100,149,356,0,0,0,230,0
Cell 274,1271.2970297029703,853.7920792079208,0,0,0,367,388,0,316,661,101,78,0
Cell 275,1639.8,852.1666666666666,0,0,174,103,221,0,58,172,83,0,0
Cell 276,2576.9032258064517,851.5806451612904,0,0,21,0,0,0,0,10,0,0,0
Cell 277,5883.8859649122805,856.2017543859649,29,108,0,99,132,320,0,0,0,65,0
Cell 278,1773.969696969697,855.7070707070707,23,13,198,706,455,11,716,452,139,0,0
Cell 279,1867.4432989690722,856.5773195876288,0,0,0,146,177,92,680,522,0,0,0
Cell 280,1186.8598130841121,859.2149532710281,0,0,0,23,12,10,593,217,100,10,0
Cell 281,1913.6382978723404,862.4574468085107,0,0,23,182,168,76,151,417,0,0,0
Cell 282,2979.0071942446043,865.3669064748201,0,38,63,117,0,573,0,0,124,0,0
Cell 283,2391.7261904761904,864.7619047619048,42,13,325,837,528,229,0,0,203,0,0
Cell 284,4924.956896551724,868.301724137931,76,0,0,0,183,109,0,196,39,334,0
Cell 285,3716.4895833333335,867.1875,31,213,0,206,634,179,0,0,20,37,36
Cell 286,5797.6875,868.525,0,31,0,59,0,466,0,0,0,12,0
Cell 287,4149.846153846154,868.0,59,149,0,26,851,572,0,1002,12,0,0
Cell 288,3828.646017699115,872.7787610619469,21,127,0,27,789,0,715,0,103,0,0
Cell 289,5300.016806722689,875.0672268907563,33,367,0,0,807,564,0,0,36,63,0
Cell 290,5317.609523809524,874.2857142857143,82,0,0,30,0,0,0,818,49,20,0
Cell 291,4721.425742574257,876.4257425742575,47,188,0,22,306,438,0,865,22,0,0
Cell 292,2389.5064935064934,879.2207792207793,30,0,0,0,0,11,0,0,0,11,0
Cell 293,3139.1269035532996,883.9644670050761,43,174,51,139,0,21,0,0,195,121,34
Cell 294,3413.5555555555557,880.9375,42,226,0,106,679,557,0,0,83,30,0
Cell 295,4878.142857142857,880.6904761904761,43,159,0,0,308,17,875,94,15,50,0
Cell 296,4065.0416666666665,884.0138888888889,62,384,0,152,1221,514,116,0,21,287,14
Cell 297,1292.3833333333334,885.95,0,10,278,708,349,41,592,474,150,104,0
Cell 298,2052.4462809917354,895.2148760330579,44,0,755,310,568,133,998,465,135,0,0
Cell 299,1089.5520833333333,895.8125,0,18,14,100,28,120,446,328,101,257,0
Cell 300,2836.6964285714284,896.8214285714286,33,155,25,35,650,70,976,916,201,30,0
Cell 301,3724.1447368421054,899.8157894736842,65,12,0,0,0,0,0,15,0,0,0
Cell 302,4819.057142857143,898.3571428571429,64,123,0,0,328,414,0,683,0,0,0
Cell 303,5588.064,901.072,11,157,0,0,330,194,0,357,35,765,0
Cell 304,5337.977011494253,903.5862068965517,58,168,0,0,638,77,0,297,21,0,0
Cell 305,3744.18085106383,903.9893617021277,59,64,0,265,520,49,0,566,29,0,0
Cell 306,4188.63829787234,903.5212765957447,107,288,0,0,631,493,0,554,0,0,0
Cell 307,5737.488038277512,907.8421052631579,28,306,0,186,331,0,0,0,38,212,0
Cell 308,2282.962962962963,904.8703703703703,19,60,166,110,0,303,0,0,167,0,0
Cell 309,1439.092105263158,907.4078947368421,0,13,320,256,262,219,281,426,147,92,0
Cell 310,3315.778846153846,908.1923076923077,0,124,0,80,656,286,0,866,132,16,0
Cell 311,4368.83,911.7,0,0,0,0,0,131,126,0,0,0,0
Cell 312,5058.6107382550335,910.2818791946308,58,445,0,35,1603,582,0,907,13,0,0
Cell 313,3041.573529411765,911.1764705882352,0,0,0,0,88,18,208,139,0,0,0
Cell 314,3887.6273291925468,913.0248447204968,223,361,0,0,0,171,0,0,351,17,63
Cell 315,4177.0,912.7758620689655,0,0,0,0,0,0,0,0,0,0,0
Cell 316,5331.633333333333,915.4666666666667,18,0,0,0,0,0,0,0,0,314,0
Cell 317,3633.8028169014083,921.3943661971831,132,360,0,128,0,638,0,0,37,0,0
Cell 318,4329.558823529412,919.3602941176471,101,0,50,0,0,91,0,0,34,24,27
Cell 319,4352.2692307692305,918.7980769230769,52,960,63,0,0,25,0,0,36,21,43
Cell 320,2394.025974025974,919.5844155844156,40,154,0,0,666,0,92,73,16,0,0
Cell 321,1626.7761194029852,919.5970149253732,0,0,0,0,309,0,205,242,137,372,0
Cell 322,2295.4324324324325,922.7702702702703,20,72,0,104,0,518,0,0,74,0,0
Cell 323,3615.2413793103447,921.6724137931035,25,0,0,0,888,0,0,0,27,0,0
Cell 324,1238.8032786885246,926.8032786885246,0,0,307,634,11,0,139,505,24,0,0
Cell 325,2994.956043956044,927.2747252747253,17,15,13,0,0,126,0,0,61,0,0
Cell 326,3136.19,929.12,0,16,30,29,0,148,0,0,16,0,0
Cell 327,5452.151515151515,927.0454545454545,0,0,0,0,0,0,0,0,0,0,0
Cell 328,5916.057692307692,927.3557692307693,15,46,0,0,252,92,786,611,0,183,0
Cell 329,1026.962962962963,929.6543209876543,0,96,0,142,294,242,605,728,157,134,0
Cell 330,2489.5853658536585,931.4634146341464,0,20,0,37,309,290,623,0,34,0,0
Cell 331,4950.13829787234,932.0531914893617,40,101,0,0,366,0,0,0,0,0,0
Cell 332,5273.271428571428,935.5428571428571,34,184,0,45,595,368,184,834,28,43,0
Cell 333,2898.021978021978,933.2527472527472,26,94,0,204,0,445,0,0,120,0,0
Cell 334,2973.22,934.7,0,67,0,50,15,0,0,0,92,10,0
Cell 335,3113.11,936.74,16,89,0,133,0,521,0,0,180,19,0
Cell 336,4419.412844036698,937.6330275229358,52,205,0,0,680,0,530,210,0,0,0
Cell 337,5446.563829787234,936.5744680851063,0,20,0,0,480,988,0,1259,0,144,0
Cell 338,1658.3857142857144,937.2714285714286,21,15,0,0,0,0,0,0,0,0,0
Cell 339,2719.0338983050847,937.9067796610169,43,42,0,218,1330,685,532,568,318,0,0
Cell 340,3329.2328767123286,937.054794520548,0,0,0,18,138,71,322,586,0,0,0
Cell 341,2209.575221238938,941.929203539823,0,25,46,670,0,47,0,229,38,0,0
Cell 342,2954.122448979592,941.1734693877551,0,73,0,55,0,379,0,0,45,0,0
Cell 343,5168.4697986577185,944.3288590604027,62,0,0,0,0,56,67,883,0,177,0
Cell 344,2865.0833333333335,940.2,0,0,0,65,0,275,0,0,67,0,0
Cell 345,2882.1428571428573,941.0892857142857,0,38,12,0,0,0,0,0,0,0,0
Cell 346,4964.586956521739,940.9673913043479,13,20,0,0,0,0,0,24,0,17,0
Cell 347,1331.0697674418604,942.9767441860465,0,0,132,508,319,130,212,0,0,0,0
Cell 348,1365.025,942.65,0,0,30,355,326,288,667,0,44,0,0
Cell 349,2239.5402298850577,945.0,0,0,232,0,0,14,0,0,0,0,0
Cell 350,1648.7054794520548,946.6986301369863,11,34,297,627,691,258,978,644,284,18,0
Cell 351,1219.8279569892472,947.010752688172,20,0,0,46,361,0,322,253,18,102,0
Cell 352,3229.223404255319,948.2234042553191,95,144,0,168,0,394,0,0,78,117,0
Cell 353,1988.581818181818,953.2181818181818,0,0,290,692,770,71,827,461,154,29,0
Cell 354,2710.0666666666666,949.2666666666667,0,0,0,0,0,0,0,0,27,0,0
Cell 355,3173.916030534351,951.2671755725191,13,183,58,16,651,382,567,789,143,145,0
Cell 356,4154.673076923077,949.75,24,100,0,0,0,88,0,0,0,0,0
Cell 357,1315.5223880597016,950.6716417910447,0,0,0,0,0,0,0,0,25,0,0
Cell 358,1147.4285714285713,953.4166666666666,12,50,113,518,239,356,437,79,97,34,0
Cell 359,1347.2549019607843,952.2549019607843,20,0,89,0,0,0,0,0,29,0,0
Cell 360,4076.977011494253,953.5747126436781,17,141,0,0,674,0,757,164,0,14,0
Cell 361,4961.338983050848,952.7627118644068,0,0,0,0,401,0,54,207,0,0,0
Cell 362,5404.528089887641,956.1573033707865,46,111,0,0,417,239,907,531,0,345,0
Cell 363,1400.4912280701753,955.8859649122807,0,0,17,292,326,207,382,582,120,0,0
Cell 364,5763.566666666667,957.9333333333333,49,0,0,23,0,0,0,0,0,0,17
Cell 365,4012.6,957.8166666666667,45,168,0,0,0,85,0,0,24,0,0
Cell 366,2406.821917808219,962.5616438356165,0,52,200,0,0,0,0,98,58,0,0
Cell 367,1301.5061728395062,964.8395061728395,10,0,95,308,236,83,211,0,95,0,0
Cell 368,2156.4747474747473,965.4646464646464,0,0,0,356,733,242,0,876,0,0,0
Cell 369,3443.4242424242425,965.7272727272727,0,290,0,0,0,121,0,0,23,0,0
Cell 370,3243.990740740741,967.8055555555555,11,56,0,0,939,0,0,0,0,0,0
Cell 371,3795.0243902439024,969.7073170731708,59,195,0,87,0,225,0,0,99,133,0
Cell 372,3769.509433962264,971.8867924528302,57,206,0,0,0,85,0,0,62,17,0
Cell 373,4185.964285714285,969.5535714285714,45,0,0,0,0,23,0,0,0,0,0
Cell 374,2143.766666666667,972.4333333333333,0,54,0,0,0,0,792,0,144,0,0
Cell 375,5778.712871287129,973.5049504950495,50,338,0,97,0,718,0,0,0,541,0
Cell 376,766.4807692307693,979.7067307692307,29,20,552,470,224,388,686,993,220,49,0
Cell 377,3423.3440860215055,976.7741935483871,30,170,0,27,0,138,0,0,91,0,0
Cell 378,2409.887640449438,980.3483146067416,45,400,0,495,0,30,0,0,140,0,12
Cell 379,4564.896226415094,979.6603773584906,57,147,0,0,327,182,976,969,0,35,0
Cell 380,5560.986842105263,982.2894736842105,81,243,0,105,511,510,0,0,19,68,0
Cell 381,2315.1022727272725,983.5340909090909,27,40,341,0,541,111,330,181,91,0,0
Cell 382,3361.453781512605,983.0840336134454,85,422,0,13,656,382,0,605,85,73,0
Cell 383,4187.379746835443,982.1518987341772,84,413,0,13,0,729,0,0,0,0,13
Cell 384,4342.428571428572,987.3076923076923,0,408,0,12,0,0,0,0,10,0,0
Cell 385,830.3947368421053,991.2017543859649,0,0,91,164,174,159,286,575,79,91,0
Cell 386,4356.158415841584,990.940594059406,112,0,0,0,626,242,0,37,16,61,0
Cell 387,4471.561983471074,993.099173553719,45,195,0,0,973,96,593,159,10,258,0
Cell 388,3444.5535714285716,992.9821428571429,0,445,0,0,878,414,1004,718,0,0,0
Cell 389,5779.883116883117,994.0649350649351,0,52,0,11,0,0,0,0,0,36,0
Cell 390,2255.1794871794873,998.7564102564103,16,33,11,77,575,255,357,489,82,0,0
Cell 391,3241.299270072993,1000.3357664233577,0,89,0,24,774,196,0,796,0,0,0
Cell 392,2399.8023255813955,1001.9302325581396,98,0,18,53,0,0,0,0,181,0,0
Cell 393,1281.9333333333334,1005.1238095238095,67,138,197,375,902,613,0,838,272,129,0
Cell 394,3033.1894736842105,1006.5263157894736,49,384,0,207,710,536,0,0,269,65,0
Cell 395,5786.666666666667,1007.183908045977,42,314,168,373,0,0,0,36,338,89,649
Cell 396,2062.3859649122805,1005.9473684210526,54,70,0,38,531,137,711,426,131,0,0
Cell 397,2520.070707070707,1007.8181818181819,54,158,0,63,0,480,0,669,96,0,0
Cell 398,2980.313432835821,1005.8656716417911,0,118,131,54,241,135,756,805,50,0,22
Cell 399,1097.3578947368421,1013.3052631578947,29,58,150,134,261,82,563,298,143,0,0
Cell 400,2480.223300970874,1013.1844660194175,105,112,365,700,0,173,0,589,274,0,0
Cell 401,3875.714285714286,1015.3877551020408,116,0,0,0,0,0,0,0,37,552,57
Cell 402,3669.1758241758243,1016.3846153846154,100,406,10,0,904,46,0,0,0,0,0
Cell 403,3212.4266666666667,1020.1733333333333,37,154,0,0,0,260,0,0,41,0,0
Cell 404,660.0785340314136,1021.6178010471205,0,0,0,986,429,108,128,55,380,291,0
Cell 405,685.7180616740088,1021.4493392070484,45,109,0,228,44,15,0,0,203,20,20
Cell 406,1327.8080808080808,1021.040404040404,0,56,521,820,528,335,395,648,132,0,0
Cell 407,4182.203883495145,1021.4174757281553,56,147,18,0,483,381,0,0,0,0,0
Cell 408,5312.731182795699,1021.1720430107526,81,334,0,18,581,605,0,884,22,72,10
Cell 409,4415.755725190839,1024.2595419847328,73,236,0,0,544,60,863,255,0,152,0
Cell 410,5686.0344827586205,1027.905172413793,88,292,0,109,491,0,233,20,15,376,75
Cell 411,3978.8256880733943,1030.51376146789,43,163,406,0,415,0,484,131,0,0,0
Cell 412,4981.817204301075,1033.268817204301,0,0,0,0,0,0,0,0,0,0,0
Cell 413,1690.7450980392157,1034.313725490196,0,0,0,0,272,0,470,0,0,0,0
Cell 414,3670.045045045045,1035.3603603603603,59,0,0,0,0,103,0,783,0,20,0
Cell 415,4760.605042016807,1041.5882352941176,66,430,0,0,0,487,0,618,17,0,0
Cell 416,1869.703125,1040.2109375,0,51,27,0,1056,0,1033,993,105,0,0
Cell 417,3866.012987012987,1041.9610389610389,27,0,0,0,0,58,0,0,0,0,0
Cell 418,4992.368421052632,1040.0526315789473,78,381,26,0,991,257,0,939,36,0,0
Cell 419,2627.294117647059,1040.8529411764705,24,87,32,13,987,88,1004,588,79,0,0
Cell 420,3882.56,1041.25,174,0,0,0,0,206,67,0,67,0,0
Cell 421,5709.203883495145,1043.2330097087379,92,162,0,14,170,874,0,0,0,198,18
Cell 422,752.269372693727,1052.0073800738007,68,171,0,750,955,644,844,936,370,17,0
Cell 423,5058.427350427351,1048.6837606837607,0,67,0,0,215,0,197,108,0,0,0
Cell 424,991.5510204081633,1049.5714285714287,0,101,495,508,0,10,237,182,231,0,0
Cell 425,1251.5294117647059,1049.6078431372548,124,195,187,257,543,511,0,580,219,10,31
Cell 426,2835.8083333333334,1050.8166666666666,63,0,0,23,318,0,461,475,0,0,0
Cell 427,593.3582089552239,1052.1716417910447,46,52,0,469,443,1118,1701,715,165,23,0
Cell 428,1517.7333333333333,1052.68,0,105,0,64,855,278,0,0,125,0,0
Cell 429,5182.549180327869,1056.0245901639344,97,401,220,55,437,0,0,0,0,0,0
Cell 430,472.7303370786517,1055.4044943820224,0,0,0,142,21,64,405,466,151,0,0
Cell 431,5731.224137931034,1055.3793103448277,0,0,0,0,0,90,0,15,0,0,0
Cell 432,3890.5087719298244,1066.9122807017543,90,0,0,0,0,0,0,0,0,0,0
Cell 433,5846.602272727273,1065.9431818181818,75,140,0,43,548,389,862,403,23,602,0
Cell 434,672.3867924528302,1069.0377358490566,0,0,39,53,50,22,52,249,10,0,0
Cell 435,3137.8023255813955,1069.0,47,0,0,0,0,0,939,0,0,0,0
Cell 436,3122.862068965517,1073.3103448275863,0,373,0,0,605,361,98,0,0,16,0
Cell 437,4304.806451612903,1077.225806451613,25,62,0,0,259,0,381,72,0,0,0
Cell 438,1767.7943925233644,1080.8130841121495,10,46,0,253,595,110,263,208,138,0,0
Cell 439,3496.360824742268,1081.9278350515465,0,193,0,0,299,132,0,478,0,212,12
Cell 440,4772.287234042553,1081.6489361702127,137,220,0,0,582,204,1426,341,14,0,0
Cell 441,2795.14606741573,1086.5842696629213,57,327,11,0,821,518,868,0,137,0,0
Cell 442,943.2268041237113,1087.958762886598,0,0,430,331,0,0,53,160,15,0,0
Cell 443,2920.688311688312,1086.4805194805194,66,0,0,0,0,77,0,0,42,0,0
Cell 444,3390.798165137615,1087.6697247706422,84,301,0,85,0,313,0,36,41,496,37
Cell 445,5510.122641509434,1089.7735849056603,37,83,0,0,196,109,0,136,19,356,0
Cell 446,5918.483146067416,1087.2359550561798,0,156,0,0,455,25,398,585,0,29,0
Cell 447,4051.752808988764,1093.6179775280898,24,123,0,0,87,152,52,306,0,0,0
Cell 448,4390.553571428572,1094.0625,56,268,0,0,927,151,0,643,0,160,0
Cell 449,1032.1022727272727,1094.8863636363637,0,11,15,311,302,275,754,457,146,0,0
Cell 450,5118.515789473684,1098.7157894736843,104,0,0,0,0,128,0,346,22,163,13
Cell 451,5589.324561403509,1098.122807017544,78,283,0,0,358,298,0,688,14,262,19
Cell 452,2051.3009708737864,1100.0679611650485,51,100,155,270,0,128,0,0,47,0,0
Cell 453,1990.2680412371135,1102.1237113402062,24,277,0,25,0,162,0,0,0,0,0
Cell 454,2903.439393939394,1104.030303030303,0,0,0,25,0,572,0,0,34,0,0
Cell 455,2920.5686274509803,1100.1764705882354,108,0,379,569,0,0,0,0,124,0,0
Cell 456,2088.7125,1105.0375,87,211,147,129,0,127,0,537,140,46,0
Cell 457,2787.214285714286,1103.1142857142856,0,0,0,0,0,0,0,0,0,35,0
Cell 458,881.4029850746268,1104.686567164179,0,0,0,0,972,0,0,0,0,0,0
Cell 459,1317.514563106796,1106.883495145631,0,142,0,89,752,406,1102,604,251,177,0
Cell 460,616.4731707317073,1111.4682926829269,51,134,505,530,764,878,796,0,380,42,0
Cell 461,2005.2435897435898,1108.2307692307693,80,0,110,63,0,0,0,0,280,0,0
Cell 462,305.1029411764706,1107.7794117647059,0,0,0,0,0,55,79,48,82,0,0
Cell 463,3363.0823529411764,1110.835294117647,10,0,0,0,0,51,0,0,0,0,0
Cell 464,1235.6138613861385,1115.8019801980197,646,324,0,50,0,0,0,0,101,345,700
Cell 465,4129.595959595959,1111.7676767676767,53,180,0,0,452,25,898,97,0,0,0
Cell 466,4501.313725490196,1110.862745098039,71,0,0,0,791,0,0,0,0,59,0
Cell 467,5301.091743119266,1111.119266055046,79,171,0,0,717,268,1644,881,16,0,27
Cell 468,5437.894736842105,1111.5964912280701,12,25,0,0,239,11,182,33,0,96,0
Cell 469,5783.919191919192,1112.090909090909,0,0,0,66,0,0,0,0,18,284,19
Cell 470,4086.2566371681414,1114.283185840708,136,571,12,0,997,113,0,647,35,42,0
Cell 471,4186.655913978495,1113.6774193548388,66,142,0,0,0,40,0,265,0,0,0
Cell 472,5397.903225806452,1112.1612903225807,0,0,22,50,354,171,776,277,12,51,0
Cell 473,109.84507042253522,1116.4225352112676,0,0,0,0,0,75,86,0,0,0,0
Cell 474,2678.887755102041,1118.6020408163265,164,439,115,70,0,221,60,1198,123,0,0
Cell 475,3382.21,1118.14,76,509,0,0,0,172,0,0,0,0,0
Cell 476,4213.970297029703,1119.118811881188,77,224,0,0,974,0,0,499,0,0,0
Cell 477,4639.778761061947,1119.8053097345132,127,549,0,0,0,733,0,797,0,0,14
Cell 478,2338.55,1120.31,0,168,0,123,0,547,0,0,92,25,0
Cell 479,1214.6759259259259,1124.1944444444443,23,29,0,0,0,0,0,0,183,0,0
Cell 480,5788.177419354839,1124.0,215,0,0,0,0,0,0,0,0,0,11
Cell 481,876.6869565217391,1132.4478260869564,0,0,614,568,378,293,427,621,168,0,0
Cell 482,4488.694656488549,1128.4580152671756,95,561,0,0,0,844,0,0,0,60,0
Cell 483,5755.637254901961,1128.7745098039215,69,0,0,15,0,0,0,15,40,39,23
Cell 484,1609.5583333333334,1130.65,0,128,0,137,634,706,764,904,209,0,0
Cell 485,2156.450980392157,1129.686274509804,115,252,469,157,660,687,0,0,209,10,45
Cell 486,2318.6046511627906,1131.3023255813953,0,50,379,205,0,139,0,0,56,0,0
Cell 487,959.4621848739496,1134.310924369748,47,58,320,286,493,62,851,759,193,0,0
Cell 488,4725.106382978724,1132.712765957447,61,170,0,0,806,213,0,0,0,0,0
Cell 489,1253.5227272727273,1136.1818181818182,29,63,0,0,0,0,0,0,0,11,0
Cell 490,4750.046153846154,1135.2769230769231,0,137,0,0,0,270,75,557,0,0,0
Cell 491,4604.342342342342,1138.0900900900901,58,194,0,0,221,254,0,249,0,137,0
Cell 492,4641.186274509804,1136.137254901961,87,0,0,0,902,0,0,0,0,0,32
Cell 493,1236.5309734513273,1142.725663716814,0,127,0,0,0,0,0,0,299,0,0
Cell 494,172.5392670157068,1146.7225130890051,0,33,0,0,0,0,0,0,92,0,0
Cell 495,1402.9850746268658,1143.7462686567164,0,0,0,68,149,84,0,550,0,0,0
Cell 496,2875.4615384615386,1145.982905982906,120,207,0,207,702,207,0,921,24,210,28
Cell 497,4952.269565217392,1145.7565217391304,88,146,0,0,570,60,928,0,0,0,14
Cell 498,5779.466019417476,1145.378640776699,118,0,0,174,0,0,0,0,40,244,0
Cell 499,1414.876712328767,1146.7260273972602,23,15,0,0,228,113,774,0,0,0,0
Cell 500,3670.22,1148.43,33,252,0,19,661,298,624,439,0,0,0
Cell 501,4041.425,1147.475,0,65,0,0,39,0,531,136,0,0,0
Cell 502,5816.9375,1148.015625,49,0,0,0,0,0,0,18,0,0,0
Cell 503,1135.0507246376812,1153.8623188405797,10,82,184,307,0,869,0,37,331,0,31
Cell 504,4057.7916666666665,1150.263888888889,32,106,0,0,399,0,0,0,0,0,0
Cell 505,739.7984496124031,1154.5697674418604,0,57,0,0,77,0,39,55,16,0,0
Cell 506,2003.5258620689656,1154.051724137931,135,160,11,162,929,364,0,290,77,0,31
Cell 507,5317.5,1157.4568965517242,41,166,0,0,639,29,670,166,0,143,0
Cell 508,2742.7818181818184,1162.4545454545455,0,0,0,0,36,0,479,197,0,0,0
Cell 509,4734.663157894737,1160.4315789473685,70,177,0,0,435,392,0,380,0,0,19
Cell 510,486.17605633802816,1163.9507042253522,16,68,0,408,621,248,190,698,154,14,0
Cell 511,691.8669527896996,1159.3175965665237,0,0,0,0,0,0,39,0,0,0,0
Cell 512,5805.226804123711,1162.0515463917525,94,842,0,0,0,30,0,827,12,0,0
Cell 513,1364.639175257732,1165.3505154639174,41,55,0,0,854,0,0,0,65,0,0
Cell 514,1666.734375,1161.875,0,0,0,0,51,114,517,565,0,0,0
Cell 515,639.6703296703297,1166.2747252747254,31,231,0,550,0,495,0,0,0,57,11
Cell 516,5819.313725490196,1169.686274509804,62,0,0,20,0,131,0,0,51,367,41
Cell 517,1376.607142857143,1166.0535714285713,0,0,85,554,0,0,0,0,0,0,0
Cell 518,2604.904761904762,1169.0,74,151,0,0,0,203,894,772,35,0,0
Cell 519,4617.877049180328,1167.7540983606557,22,187,0,0,358,273,70,363,0,0,0
Cell 520,651.4950495049505,1171.5049504950496,60,0,100,0,0,0,989,0,309,26,19
Cell 521,1334.5096153846155,1169.8557692307693,0,126,0,157,383,0,0,0,157,0,0
Cell 522,2776.25,1169.6666666666667,82,284,0,24,612,193,607,325,0,0,0
Cell 523,5430.532710280374,1178.1028037383178,103,18,0,0,505,0,0,0,0,0,0
Cell 524,4821.765432098766,1180.320987654321,15,32,0,0,128,55,1384,0,0,0,0
Cell 525,992.5576923076923,1184.2211538461538,62,185,135,171,830,566,0,965,225,230,0
Cell 526,2830.8695652173915,1184.2391304347825,0,25,391,90,216,123,375,14,0,0,0
Cell 527,2464.1809523809525,1187.6,105,674,0,0,0,659,0,0,79,13,0
Cell 528,2590.4835164835163,1186.989010989011,26,0,0,233,0,0,59,0,0,0,0
Cell 529,2443.037037037037,1189.7962962962963,50,0,0,0,0,0,0,0,0,0,0
Cell 530,3246.7901234567903,1189.7530864197531,15,23,14,0,493,13,865,483,10,448,0
Cell 531,927.6896551724138,1189.0862068965516,58,0,0,0,0,0,0,0,0,0,0
Cell 532,947.2844827586207,1196.1120689655172,133,0,0,0,0,0,0,0,0,0,0
Cell 533,3599.605504587156,1197.211009174312,80,249,0,0,0,77,0,175,0,429,18
Cell 534,5444.565217391304,1196.304347826087,93,164,0,0,0,461,0,524,0,0,57
Cell 535,930.7837837837837,1200.2342342342342,24,154,359,0,936,897,0,0,267,0,20
Cell 536,834.1621621621622,1211.6306306306305,174,286,0,685,804,731,0,0,248,59,38
Cell 537,5190.0,1207.3375,47,169,0,0,562,13,500,58,0,26,27
Cell 538,5177.882352941177,1210.3529411764705,0,0,0,0,0,0,0,0,0,0,0
Cell 539,91.42465753424658,1211.876712328767,0,0,0,0,0,0,0,0,49,0,0
Cell 540,474.3777777777778,1214.388888888889,22,16,394,393,644,145,305,348,163,44,18
Cell 541,4138.086956521739,1215.6695652173912,55,244,0,0,669,0,924,250,0,0,0
Cell 542,4251.196078431372,1219.078431372549,70,220,0,0,620,51,1383,389,0,98,0
Cell 543,3616.6111111111113,1221.0277777777778,83,357,0,0,0,0,0,127,0,184,0
Cell 544,4051.252100840336,1221.2436974789916,38,344,0,0,0,0,0,85,0,0,0
Cell 545,5186.09756097561,1219.7317073170732,0,0,0,0,0,0,0,0,0,0,0
Cell 546,5451.954545454545,1218.121212121212,12,0,0,0,0,0,0,0,0,0,0
Cell 547,63.89565217391304,1224.5739130434783,0,16,0,0,0,69,77,10,58,0,0
Cell 548,1887.3956043956043,1221.4945054945056,132,0,0,0,0,702,0,0,42,0,15
Cell 549,4576.53488372093,1221.9186046511627,65,134,0,0,344,0,231,0,0,129,84
Cell 550,1280.1049382716049,1225.5185185185185,119,176,94,196,0,676,0,0,194,35,33
Cell 551,1875.1341463414635,1225.9268292682927,0,340,83,134,0,0,64,0,25,0,0
Cell 552,3719.4,1225.2615384615385,62,332,34,0,753,11,769,50,0,0,0
Cell 553,4081.3217391304347,1230.608695652174,95,300,0,0,0,175,0,321,19,174,12
Cell 554,5444.0,1228.5230769230768,48,53,0,0,491,630,1382,417,0,64,0
Cell 555,1689.4583333333333,1231.71875,96,177,23,73,1643,383,909,648,109,365,0
Cell 556,1732.6216216216217,1233.5765765765766,91,247,0,12,571,682,0,895,46,55,24
Cell 557,3452.7024793388427,1234.8347107438017,83,375,0,0,693,0,705,275,0,0,66
Cell 558,1747.704918032787,1235.3934426229507,68,20,69,257,0,0,0,0,0,0,0
Cell 559,3021.6923076923076,1239.3186813186812,0,0,0,0,17,0,407,129,0,0,0
Cell 560,4471.898148148148,1248.1574074074074,87,164,0,0,704,149,840,23,0,0,32
Cell 561,4001.345238095238,1247.904761904762,27,145,0,0,556,0,486,119,0,0,0
Cell 562,273.2121212121212,1250.989898989899,0,0,26,11,64,0,0,0,144,0,0
Cell 563,768.9354838709677,1251.2064516129033,83,23,16,133,384,10,718,777,145,197,17
Cell 564,2426.621848739496,1250.310924369748,38,372,0,0,0,90,0,517,0,0,98
Cell 565,3322.595041322314,1250.2314049586778,16,236,0,0,608,0,513,91,0,0,0
Cell 566,4896.430894308943,1249.4715447154472,81,206,0,0,482,85,191,205,0,0,0
Cell 567,4702.148514851485,1252.1584158415842,51,361,0,0,387,0,0,0,0,0,46
Cell 568,4671.78125,1254.234375,0,25,0,0,0,0,0,0,0,0,0
Cell 569,1102.532786885246,1259.7459016393443,72,65,245,238,500,170,664,357,68,0,10
Cell 570,3908.75,1259.6875,47,135,28,0,183,0,488,0,0,198,0
Cell 571,5567.504854368932,1259.9320388349515,71,130,0,0,584,0,1658,0,0,308,51
Cell 572,256.02,1262.32,40,31,0,186,197,156,971,768,91,0,0
Cell 573,1229.2177777777779,1268.1155555555556,102,75,893,986,0,310,896,665,85,0,46
Cell 574,2263.5363636363636,1267.7727272727273,37,46,344,27,737,187,564,717,22,0,0
Cell 575,3560.4039408866997,1271.088669950739,234,982,0,0,0,0,0,549,36,903,101
Cell 576,4696.1238095238095,1267.2285714285715,85,0,0,0,0,485,0,616,0,0,0
Cell 577,5870.666666666667,1266.6979166666667,167,320,0,0,667,380,0,854,20,245,0
Cell 578,2045.6914893617022,1268.8936170212767,78,243,10,73,871,578,0,0,0,0,22
Cell 579,3535.9406779661017,1276.1610169491526,0,0,0,0,0,11,0,0,0,0,35
Cell 580,5613.875,1276.21875,28,184,0,0,611,22,645,54,0,287,0
Cell 581,4429.4157303370785,1279.8314606741574,37,158,0,0,352,0,428,393,0,0,0
Cell 582,3760.93,1284.19,112,441,0,0,995,223,833,19,0,12,76
Cell 583,3880.3275862068967,1282.4827586206898,86,0,101,0,0,31,0,110,0,0,0
Cell 584,3849.4137931034484,1286.0804597701149,0,0,0,0,0,0,0,148,0,0,0
Cell 585,128.75,1288.0333333333333,0,0,0,0,0,0,13,0,18,0,0
Cell 586,2108.6732673267325,1291.5445544554455,65,266,12,0,0,86,0,469,40,15,19
Cell 587,3159.655172413793,1290.948275862069,20,42,0,0,378,58,297,0,0,0,0
Cell 588,3084.630769230769,1293.2923076923078,103,0,13,0,0,41,1009,0,15,0,78
Cell 589,3865.575221238938,1295.7610619469026,114,999,0,0,0,191,0,68,18,0,24
Cell 590,3071.3548387096776,1295.483870967742,18,494,0,0,0,280,0,578,15,0,0
Cell 591,4084.384,1296.344,111,182,0,0,262,0,1715,0,0,0,12
Cell 592,667.3904109589041,1300.6164383561643,53,86,0,0,0,189,0,0,123,0,0
Cell 593,682.4226804123712,1299.5567010309278,77,18,712,776,0,234,134,918,60,0,0
Cell 594,6.333333333333333,1297.8472222222222,0,0,0,0,0,41,0,0,0,0,0
Cell 595,4575.646464646465,1302.090909090909,0,59,0,0,89,278,626,240,0,0,0
Cell 596,804.6708860759494,1307.5632911392406,0,22,369,347,317,166,858,847,28,0,0
Cell 597,2958.2875,1305.8625,72,772,0,0,0,0,0,0,34,0,10
Cell 598,4790.593220338983,1308.1864406779662,119,291,0,0,633,127,0,526,0,0,38
Cell 599,2786.8571428571427,1307.3469387755101,32,163,0,0,0,0,1462,286,0,0,0
Cell 600,2943.5,1308.4905660377358,113,0,0,52,0,580,0,0,46,94,47
Cell 601,1169.84,1312.728,90,319,0,24,914,391,0,481,0,23,29
Cell 602,1577.6701030927834,1313.1649484536083,0,43,0,82,0,0,0,0,25,0,0
Cell 603,2975.717171717172,1310.6565656565656,107,0,12,0,0,0,0,0,18,0,11
Cell 604,3476.120879120879,1311.076923076923,0,151,0,0,121,0,0,0,0,115,0
Cell 605,5216.285714285715,1312.8482142857142,57,90,0,0,555,0,724,44,0,0,0
Cell 606,356.02150537634407,1312.6451612903227,92,88,37,0,802,693,0,0,198,33,0
Cell 607,5082.976470588235,1318.0470588235294,0,42,0,0,126,17,0,0,0,0,0
Cell 608,5141.2558139534885,1317.5697674418604,0,59,0,0,187,0,10,0,0,0,0
Cell 609,4266.678571428572,1320.2380952380952,26,388,0,0,594,0,475,0,0,0,0
Cell 610,1563.9318181818182,1321.1136363636363,224,155,0,43,0,502,0,823,24,0,0
Cell 611,3460.972222222222,1320.513888888889,0,0,0,0,0,0,0,0,0,0,0
Cell 612,317.40909090909093,1323.378787878788,31,22,165,0,180,146,0,0,117,0,0
Cell 613,5065.028571428571,1323.9142857142858,0,152,0,0,10,0,0,10,0,0,0
Cell 614,3677.157142857143,1327.3714285714286,0,0,0,0,0,0,0,0,0,0,0
Cell 615,4256.735294117647,1327.6911764705883,29,0,0,0,0,0,0,14,0,0,38
Cell 616,2774.076923076923,1329.2884615384614,0,0,0,0,486,0,542,12,0,0,0
Cell 617,5053.9240506329115,1331.2025316455697,51,0,0,0,221,109,0,24,650,0,0
Cell 618,3693.6111111111113,1332.25,85,0,0,14,0,0,0,21,0,0,0
Cell 619,5085.139344262295,1333.4180327868853,15,19,0,0,141,19,0,0,0,0,0
Cell 620,86.56302521008404,1334.5714285714287,0,0,0,0,0,0,0,0,0,0,0
Cell 621,2785.9032258064517,1332.731182795699,0,19,0,0,998,0,286,0,0,0,0
Cell 622,3463.4054054054054,1334.7297297297298,33,393,0,0,820,0,0,108,0,556,69
Cell 623,2898.3366336633662,1337.4356435643565,27,161,0,0,636,0,133,27,13,0,0
Cell 624,3676.4666666666667,1341.7904761904763,56,0,0,0,0,0,0,107,0,0,20
Cell 625,4171.61797752809,1339.1685393258426,49,157,0,0,569,0,717,109,0,0,0
Cell 626,2029.041237113402,1348.2061855670104,72,243,0,42,799,224,0,313,0,0,0
Cell 627,3565.078651685393,1353.887640449438,55,0,0,0,0,0,0,13,0,309,0
Cell 628,3747.081632653061,1354.6122448979593,28,120,0,0,0,0,131,14,0,0,10
Cell 629,5538.685483870968,1353.524193548387,0,15,0,0,124,0,222,0,0,202,0
Cell 630,67.40579710144928,1355.855072463768,75,34,37,142,317,187,813,286,104,25,0
Cell 631,2717.4819277108436,1356.5060240963855,105,276,0,0,0,0,0,72,0,0,59
Cell 632,3552.542056074766,1357.2897196261683,101,529,0,0,899,149,0,117,0,0,39
Cell 633,5959.175,1354.9625,0,0,0,0,0,0,0,0,0,399,0
Cell 634,3681.8257575757575,1361.4166666666667,207,0,0,0,0,11,0,59,0,0,128
Cell 635,5977.956989247312,1359.3010752688172,0,91,0,0,0,11,0,0,0,0,0
Cell 636,499.9920634920635,1365.7301587301588,0,0,0,0,0,0,0,0,0,0,0
Cell 637,5883.072916666667,1363.8125,0,42,0,0,127,0,0,14,0,113,0
Cell 638,519.6201550387597,1366.062015503876,180,395,0,399,0,527,0,0,178,75,18
Cell 639,1497.016129032258,1365.3548387096773,30,0,0,0,0,0,0,0,20,0,0
Cell 640,2261.0103092783506,1366.3505154639174,47,419,0,0,0,229,0,0,64,24,0
Cell 641,5952.410256410257,1365.6666666666667,40,40,0,0,0,193,0,279,0,0,0
Cell 642,5966.924528301887,1366.3207547169811,13,0,31,0,663,0,0,0,0,0,0
Cell 643,1318.0545454545454,1370.3909090909092,0,0,0,0,544,43,433,295,0,0,0
Cell 644,2720.9814814814813,1368.1666666666667,0,0,0,0,606,0,0,0,0,0,0
Cell 645,6002.275,1369.95,31,43,0,0,0,34,0,59,0,489,0
Cell 646,3348.488888888889,1372.5,24,44,0,0,473,34,581,35,0,0,30
Cell 647,3672.2978723404253,1374.1063829787233,0,0,0,0,0,0,0,32,0,0,0
Cell 648,6017.821782178218,1375.3564356435643,26,120,0,0,467,200,889,188,0,0,0
Cell 649,1493.9705882352941,1375.7843137254902,101,406,0,164,0,493,0,0,19,45,69
Cell 650,2230.549019607843,1376.1666666666667,124,27,20,0,0,33,0,0,56,0,0
Cell 651,4923.465240641711,1382.1604278074867,91,122,0,0,554,31,654,0,0,59,0
Cell 652,4532.282051282052,1377.0897435897436,54,175,0,0,472,151,320,129,0,0,0
Cell 653,5188.932584269663,1379.258426966292,47,92,0,0,346,0,0,256,0,0,0
Cell 654,1782.4014598540145,1382.6204379562043,49,54,10,0,800,143,439,147,0,0,0
Cell 655,1250.5314685314686,1382.3916083916083,59,232,0,105,0,158,960,434,57,20,40
Cell 656,2216.1666666666665,1383.21875,72,212,0,0,0,99,0,0,18,0,0
Cell 657,4628.435582822086,1383.601226993865,56,161,0,0,983,0,727,17,0,0,0
Cell 658,1442.8365384615386,1384.4615384615386,14,14,138,0,97,72,0,79,0,0,0
Cell 659,5668.061728395061,1384.469135802469,0,17,0,0,54,0,482,0,0,0,0
Cell 660,5870.05,1385.4666666666667,17,78,0,0,170,94,0,194,0,72,0
Cell 661,2737.4736842105262,1389.0350877192982,68,40,0,0,293,126,0,171,0,0,0
Cell 662,3772.2436974789916,1391.672268907563,169,0,0,0,0,143,0,117,12,75,0
Cell 663,3076.8125,1388.859375,0,44,0,0,208,0,350,10,0,0,0
Cell 664,5181.269662921349,1392.0674157303372,0,0,0,0,0,0,0,0,0,0,0
Cell 665,2629.6494845360826,1397.8556701030927,54,237,0,0,755,60,488,179,0,0,0
Cell 666,4333.888888888889,1397.7407407407406,16,209,0,0,370,11,849,0,0,130,0
Cell 667,4344.5,1395.517857142857,27,0,0,0,0,10,0,56,0,0,0
Cell 668,4911.642857142857,1398.142857142857,0,0,0,0,0,0,0,0,0,0,0
Cell 669,3012.076923076923,1402.9450549450548,43,52,0,0,384,0,118,89,0,0,0
Cell 670,3340.574468085106,1404.159574468085,39,282,0,0,0,0,0,0,0,0,0
Cell 671,419.54794520547944,1404.986301369863,18,0,0,0,395,157,948,12,13,0,0
Cell 672,3602.9299363057326,1410.2929936305732,29,73,0,0,496,0,434,10,0,107,0
Cell 673,3762.842857142857,1406.8,0,0,0,0,0,0,0,0,0,0,0
Cell 674,3831.3703703703704,1409.5185185185185,0,0,0,0,0,0,120,0,0,0,0
Cell 675,3357.127659574468,1409.3829787234042,55,0,0,0,766,63,0,181,0,0,0
Cell 676,3702.7818181818184,1409.9818181818182,48,195,0,0,750,21,994,373,0,85,0
Cell 677,4331.255102040816,1410.642857142857,25,0,0,0,0,0,0,10,0,0,0
Cell 678,5845.666666666667,1415.5350877192982,0,0,0,0,190,0,56,0,0,0,0
Cell 679,3507.5949367088606,1413.367088607595,56,363,0,0,747,0,758,364,0,0,0
Cell 680,3491.8514851485147,1419.8217821782177,49,0,0,0,0,0,0,10,21,33,0
Cell 681,2057.0112359550562,1419.2921348314608,0,13,0,0,0,321,0,0,0,0,0
Cell 682,2070.9397590361446,1419.6506024096386,150,406,0,0,769,25,0,473,0,0,43
Cell 683,4230.658823529412,1419.1411764705883,55,480,16,0,0,0,0,34,15,0,0
Cell 684,3927.2929292929293,1422.4848484848485,61,0,0,0,0,0,0,0,0,0,61
Cell 685,1752.326923076923,1425.2115384615386,0,0,0,0,0,49,0,10,0,0,25
Cell 686,2923.366666666667,1427.7166666666667,0,0,376,152,163,0,213,179,143,457,0
Cell 687,201.84375,1429.25,44,81,0,122,0,253,861,257,0,0,14
Cell 688,3942.218579234973,1436.1092896174864,221,691,0,0,0,10,0,39,11,0,12
Cell 689,111.31521739130434,1430.1847826086957,95,88,0,84,472,252,920,446,25,0,19
Cell 690,3159.3166666666666,1432.2833333333333,0,0,0,0,252,0,0,0,0,0,0
Cell 691,1762.0833333333333,1436.0530303030303,297,336,0,0,0,211,0,382,0,0,66
Cell 692,2693.109375,1433.640625,0,68,0,0,0,10,0,0,0,0,0
Cell 693,4006.158620689655,1438.606896551724,136,549,0,0,0,20,0,33,0,0,54
Cell 694,2488.4137931034484,1436.7672413793102,76,210,0,0,1059,209,0,220,13,0,0
Cell 695,4233.391304347826,1440.4855072463768,100,0,0,0,0,48,0,102,25,0,51
Cell 696,5340.745098039216,1436.5882352941176,21,75,0,0,335,20,363,80,0,0,11
Cell 697,266.84507042253523,1439.4929577464789,71,160,0,0,0,271,820,270,23,0,0
Cell 698,2717.6,1438.54,24,140,0,0,0,69,0,0,0,0,0
Cell 699,4044.0761904761903,1440.7714285714285,0,369,0,0,0,16,0,0,0,0,20
Cell 700,5045.277777777777,1438.6944444444443,0,0,24,0,75,0,195,0,0,0,0
Cell 701,2054.0862068965516,1440.3103448275863,0,30,0,0,175,24,0,214,0,0,0
Cell 702,2678.548076923077,1445.5192307692307,100,224,0,0,0,49,0,24,11,0,15
Cell 703,4018.980769230769,1444.2307692307693,22,0,0,0,0,0,0,0,0,0,0
Cell 704,4053.151515151515,1449.4343434343434,169,0,0,0,0,0,0,204,0,0,0
Cell 705,3412.6363636363635,1449.3636363636363,0,187,0,0,378,0,882,84,0,111,0
Cell 706,507.641975308642,1450.7530864197531,284,551,0,0,931,213,0,0,114,0,0
Cell 707,2186.214953271028,1452.0747663551401,184,641,0,0,0,393,0,602,50,0,27
Cell 708,2700.226804123711,1451.8659793814434,96,181,0,0,0,150,0,45,0,0,0
Cell 709,479.12280701754383,1452.0526315789473,0,0,0,0,0,0,0,0,0,0,0
Cell 710,5123.347826086957,1456.5304347826086,101,312,0,0,513,259,0,356,15,0,14
Cell 711,6027.36,1457.02,0,47,0,0,117,0,230,430,0,0,0
Cell 712,4872.012195121952,1460.0487804878048,62,118,11,0,613,91,0,60,0,0,0
Cell 713,1405.7435897435898,1466.8397435897436,113,170,0,0,0,482,0,414,0,0,0
Cell 714,481.8346456692913,1469.007874015748,65,142,0,53,347,269,0,0,0,0,0
Cell 715,5417.983050847458,1467.2542372881355,25,18,0,0,338,0,658,40,0,0,0
Cell 716,1013.2075471698113,1470.3207547169811,0,168,0,0,928,26,461,0,0,0,29
Cell 717,1298.6702127659576,1476.4255319148936,0,253,0,0,837,0,983,0,17,61,0
Cell 718,3736.8470588235296,1474.9411764705883,108,365,0,0,534,0,286,133,0,0,0
Cell 719,1311.7529411764706,1477.8588235294117,167,0,11,105,0,0,0,292,25,0,0
Cell 720,3287.904347826087,1477.608695652174,94,0,0,0,0,58,0,0,0,0,0
Cell 721,5401.590909090909,1477.034090909091,0,0,0,0,11,14,0,26,0,0,0
Cell 722,5578.210526315789,1477.9736842105262,73,82,0,0,0,0,216,222,0,0,0
Cell 723,373.7310924369748,1481.7394957983192,31,194,23,0,620,25,131,114,49,0,0
Cell 724,1031.8529411764705,1484.0661764705883,122,0,0,0,35,0,0,407,23,22,30
Cell 725,1415.6122448979593,1484.3775510204082,0,0,0,0,0,0,0,0,0,0,0
Cell 726,3300.2083333333335,1486.7708333333333,0,0,0,0,0,0,0,0,0,0,81
Cell 727,5025.838383838384,1486.121212121212,90,157,0,0,539,17,0,81,13,0,65
Cell 728,1400.4404761904761,1486.8214285714287,24,57,0,0,0,0,0,13,0,0,0
Cell 729,5818.111111111111,1488.736111111111,123,236,0,20,645,89,1101,220,0,10,16
Cell 730,5591.207547169812,1496.7075471698113,65,150,0,0,735,12,40,171,0,0,0
Cell 731,5721.304,1495.8,67,170,0,0,530,0,647,0,16,342,66
Cell 732,2449.962962962963,1495.5555555555557,0,726,0,0,0,184,0,0,24,0,160
Cell 733,3310.1651376146788,1499.091743119266,212,0,0,0,0,61,0,0,0,0,0
Cell 734,4790.78313253012,1496.4939759036145,144,299,0,0,0,0,685,39,29,159,24
Cell 735,5215.050420168067,1498.4033613445379,113,200,0,0,0,213,0,183,42,0,33
Cell 736,1050.5032258064516,1506.1483870967743,74,0,0,0,0,827,0,158,0,0,54
Cell 737,2139.044776119403,1501.9402985074628,229,0,0,0,0,46,0,226,0,0,0
Cell 738,2604.3232323232323,1501.979797979798,122,258,0,0,716,54,575,41,58,0,40
Cell 739,5015.893939393939,1500.5,0,0,0,0,0,0,0,0,0,0,0
Cell 740,2128.6853932584268,1505.752808988764,0,0,0,0,0,0,0,0,0,0,47
Cell 741,2017.8557692307693,1507.1923076923076,136,361,0,0,650,124,528,227,0,0,118
Cell 742,2430.9302325581393,1508.593023255814,100,0,0,0,0,66,0,191,21,0,41
Cell 743,2451.0476190476193,1507.7936507936508,225,0,0,0,0,0,0,281,32,0,0
Cell 744,4318.277227722772,1509.3663366336634,68,202,0,0,537,61,926,29,0,69,24
Cell 745,2755.4864864864867,1510.1981981981983,113,417,0,0,772,45,1033,31,0,165,47
Cell 746,445.66101694915255,1516.677966101695,80,98,0,0,0,107,0,87,15,0,12
Cell 747,5334.040404040404,1519.3232323232323,68,133,0,0,0,0,0,24,35,0,0
Cell 748,415.22093023255815,1519.4186046511627,167,323,0,0,0,261,0,224,10,0,55
Cell 749,4297.931034482759,1525.3275862068965,16,90,0,0,0,0,0,0,0,0,0
Cell 750,5226.28125,1528.3515625,61,204,10,0,890,0,93,15,15,0,18
Cell 751,2089.3238095238094,1526.4190476190477,14,302,0,0,511,270,693,288,0,0,28
Cell 752,5379.628571428571,1526.2142857142858,25,18,0,0,0,0,0,0,0,0,0
Cell 753,1155.1759259259259,1529.5833333333333,0,0,0,0,0,31,0,0,0,0,135
Cell 754,2143.6019417475727,1528.0388349514562,169,961,0,0,0,97,0,387,10,0,223
Cell 755,5366.247933884298,1528.9173553719008,100,245,0,0,578,358,0,393,25,0,0
Cell 756,550.8834951456311,1530.5242718446602,179,186,0,0,0,0,0,0,33,0,0
Cell 757,2132.525641025641,1530.1923076923076,0,0,12,0,0,15,0,0,59,14,0
Cell 758,389.5769230769231,1533.173076923077,0,0,0,27,0,0,38,19,0,0,0
Cell 759,473.3611111111111,1532.5740740740741,10,42,0,0,0,16,0,67,0,0,0
Cell 760,1485.9099099099099,1533.054054054054,81,0,0,0,0,150,0,10,16,0,57
Cell 761,4599.619469026548,1534.8141592920354,19,57,0,0,382,0,136,0,11,0,0
Cell 762,572.2584269662922,1534.4044943820224,67,112,191,0,341,0,519,19,70,0,0
Cell 763,583.6794871794872,1534.2820512820513,61,72,0,0,0,0,0,0,0,0,0
Cell 764,1166.24,1538.608,215,926,12,0,0,463,0,636,23,0,0
Cell 765,4401.983739837398,1536.8130081300812,74,540,15,0,0,45,0,59,33,15,0
Cell 766,5756.85,1538.04,98,203,0,0,333,0,706,0,0,348,22
Cell 767,2201.390243902439,1544.3170731707316,80,344,0,0,714,0,585,288,29,0,30
Cell 768,3103.968253968254,1542.857142857143,156,385,13,0,21,0,829,0,0,0,0
Cell 769,4417.222222222223,1547.0555555555557,101,0,0,0,0,0,0,31,21,0,33
Cell 770,5334.401785714285,1545.2767857142858,72,110,0,0,689,45,0,142,0,0,34
Cell 771,1640.9423076923076,1549.326923076923,0,0,0,0,35,0,360,10,0,34,0
Cell 772,1473.3793103448277,1552.448275862069,120,684,0,0,0,18,0,0,0,0,0
Cell 773,2368.7863247863247,1554.6410256410256,88,389,0,0,561,11,882,125,12,13,13
Cell 774,1176.777027027027,1554.081081081081,159,0,0,0,0,0,0,0,22,0,80
Cell 775,5052.3877551020405,1558.1326530612246,46,118,0,0,189,43,763,0,0,41,0
Cell 776,4094.3454545454547,1563.0272727272727,33,225,0,0,383,0,470,33,0,0,12
Cell 777,3145.38,1564.16,121,347,13,0,786,130,574,159,13,13,109
Cell 778,2887.9478260869564,1565.095652173913,116,0,0,0,0,73,0,200,14,0,72
Cell 779,1458.918181818182,1579.0,134,289,0,0,0,202,0,40,0,0,21
Cell 780,2864.133333333333,1587.1142857142856,79,648,0,0,0,12,0,108,0,0,74
Cell 781,4791.672131147541,1585.860655737705,74,182,0,0,359,0,479,0,0,0,28
Cell 782,1969.4166666666667,1587.71875,203,0,0,0,978,10,262,274,12,0,25
Cell 783,2983.2033898305085,1586.2542372881355,12,249,0,0,0,11,926,32,0,0,0
Cell 784,1958.1954022988505,1587.1264367816093,0,491,0,0,0,84,818,10,0,0,42
Cell 785,2993.4794520547944,1593.4383561643835,0,81,0,0,765,0,152,0,0,0,0
Cell 786,5864.884057971014,1599.840579710145,64,53,0,0,604,121,793,251,0,0,0
Cell 787,1549.107142857143,1603.9404761904761,103,0,0,0,0,42,440,0,0,0,131
Cell 788,1562.3333333333333,1608.6538461538462,31,683,0,0,0,0,0,12,0,0,15
Cell 789,4446.310679611651,1608.6990291262136,35,15,0,0,0,34,0,0,0,0,10
Cell 790,2275.532258064516,1609.9354838709678,44,182,0,0,471,11,410,0,0,0,0
Cell 791,5877.736842105263,1611.4868421052631,23,20,0,0,0,28,0,0,0,0,0
Cell 792,2329.4957983193276,1616.0672268907563,70,135,0,0,503,105,702,26,0,0,40
Cell 793,3897.9126213592235,1619.368932038835,51,366,0,0,974,0,461,0,12,0,72
Cell 794,4840.013157894737,1619.8552631578948,0,13,0,0,106,35,162,45,0,0,0
Cell 795,4923.617283950617,1619.5061728395062,100,142,10,0,316,106,540,28,0,50,45
Cell 796,4446.376344086021,1625.989247311828,112,424,0,0,846,0,870,22,12,0,44
Cell 797,4263.81981981982,1628.7657657657658,19,114,0,0,0,0,0,0,0,0,0
Cell 798,1553.035294117647,1629.5294117647059,83,0,0,0,0,0,54,35,0,0,43
Cell 799,4282.518987341772,1629.3417721518988,47,246,16,0,0,0,830,17,14,0,19
Cell 800,5543.297872340426,1634.1560283687943,34,47,0,0,327,0,815,12,0,0,0
Cell 801,2840.9518072289156,1637.6746987951808,93,228,0,0,1467,16,1038,37,0,0,36
Cell 802,3223.939024390244,1645.439024390244,0,44,0,0,198,0,46,0,0,0,0
Cell 803,4276.191011235955,1643.8651685393259,11,0,0,0,0,0,97,0,0,0,13
Cell 804,2541.494117647059,1644.7882352941176,66,146,0,0,124,0,294,0,11,0,33
Cell 805,373.35164835164835,1649.6373626373627,209,525,12,0,0,313,154,318,63,0,23
Cell 806,3758.212962962963,1650.5740740740741,105,224,0,0,365,0,253,15,0,0,10
Cell 807,4524.760869565217,1652.695652173913,75,28,0,0,901,36,419,12,0,0,0
Cell 808,5305.57281553398,1652.1941747572816,0,260,0,0,467,0,0,0,0,0,0
Cell 809,1128.4148936170213,1661.8191489361702,0,0,0,0,125,0,449,0,0,0,89
Cell 810,1746.5294117647059,1655.8382352941176,0,58,0,0,175,0,0,0,0,0,0
Cell 811,4206.514563106796,1655.1359223300972,37,129,0,0,0,0,0,0,19,0,0
Cell 812,4460.820512820513,1658.474358974359,22,397,0,0,0,0,0,0,0,0,21
Cell 813,5785.8359375,1658.5,86,84,0,0,0,115,0,10,0,0,0
Cell 814,2184.929411764706,1658.7058823529412,168,367,0,0,970,205,69,210,0,0,17
Cell 815,5299.576,1662.312,76,0,0,0,0,201,989,188,29,143,18
Cell 816,1665.66,1662.22,42,96,0,0,478,27,921,0,0,0,0
Cell 817,4188.935779816514,1664.6788990825687,148,349,29,0,0,115,0,58,0,0,31
Cell 818,1061.6190476190477,1671.8761904761905,0,0,0,0,225,0,417,0,0,0,0
Cell 819,3446.3106796116504,1668.8155339805826,37,109,0,0,282,61,609,12,0,0,10
Cell 820,4374.194029850746,1670.7462686567164,0,0,0,0,38,0,0,0,0,0,0
Cell 821,4919.171171171171,1674.3693693693695,111,207,0,0,0,10,0,156,0,0,31
Cell 822,5444.113402061856,1671.701030927835,54,71,0,0,261,20,653,94,0,0,0
Cell 823,4461.704,1674.584,57,0,0,0,996,18,0,25,10,0,0
Cell 824,5771.552,1674.832,67,157,0,0,15,97,66,0,0,0,44
Cell 825,5366.623188405797,1677.4927536231885,16,51,0,0,0,0,0,0,0,0,0
Cell 826,5753.850877192983,1683.280701754386,75,65,0,0,0,48,0,0,0,0,0
Cell 827,547.5352112676056,1684.9718309859154,114,571,0,0,130,247,0,0,42,18,0
Cell 828,5007.724770642202,1688.1559633027523,33,38,0,0,294,11,272,96,13,0,0
Cell 829,5382.941176470588,1686.2205882352941,83,148,0,0,718,0,590,71,35,0,0
Cell 830,292.78350515463916,1689.5670103092784,205,440,0,33,40,626,0,335,10,0,38
Cell 831,830.360824742268,1690.020618556701,93,300,0,0,543,83,0,360,14,36,12
Cell 832,4923.436090225564,1692.2857142857142,0,0,0,0,908,222,0,0,0,0,0
Cell 833,2264.3611111111113,1689.7777777777778,47,177,0,0,429,64,105,0,0,0,0
Cell 834,4380.767241379311,1703.5,0,27,0,0,0,0,0,0,0,0,0
Cell 835,1218.958041958042,1697.006993006993,95,0,12,0,0,0,0,88,45,17,46
Cell 836,2108.7450980392155,1695.2745098039215,148,440,0,0,950,20,158,57,0,0,0
Cell 837,5733.857142857143,1701.2714285714285,185,214,0,0,0,331,0,0,0,0,81
Cell 838,3723.013698630137,1705.7602739726028,72,222,0,0,531,0,521,174,0,0,0
Cell 839,4759.385321100917,1703.633027522936,0,0,0,0,761,0,360,0,0,0,0
Cell 840,4860.943181818182,1702.2045454545455,0,19,0,0,155,0,662,0,0,0,0
Cell 841,868.4565217391304,1705.8152173913043,0,390,0,0,483,0,513,0,0,0,71
Cell 842,3358.9565217391305,1708.9420289855072,0,17,0,0,188,0,723,0,0,0,0
Cell 843,550.0990990990991,1708.4414414414414,114,0,0,0,184,235,0,769,15,0,56
Cell 844,2482.367816091954,1710.655172413793,39,128,0,0,226,0,519,0,0,0,58
Cell 845,5172.051546391753,1712.340206185567,56,89,0,0,546,0,1072,50,44,0,56
Cell 846,5081.746268656716,1713.8208955223881,31,12,0,0,200,0,176,12,0,0,0
Cell 847,5495.269662921349,1714.3033707865168,38,37,0,0,169,0,765,0,0,0,0
Cell 848,1221.0740740740741,1716.0740740740741,81,43,0,0,0,43,0,91,0,0,43
Cell 849,5234.534090909091,1715.9545454545455,102,117,14,0,598,0,600,50,14,0,22
Cell 850,871.0657894736842,1717.3552631578948,158,0,0,0,27,25,0,27,0,0,0
Cell 851,3370.877192982456,1722.140350877193,42,91,0,0,0,0,0,0,0,0,0
Cell 852,4914.673076923077,1716.2692307692307,78,83,0,0,256,0,0,0,0,0,0
Cell 853,248.1086956521739,1722.5,112,283,0,0,0,176,0,52,0,0,0
Cell 854,2710.6754385964914,1721.5701754385964,113,288,0,0,871,17,1289,0,0,0,55
Cell 855,4878.630769230769,1721.2923076923078,20,0,31,0,221,0,0,0,0,0,0
Cell 856,730.7280701754386,1723.5526315789473,156,258,0,18,619,329,0,459,28,38,83
Cell 857,259.67123287671234,1724.2054794520548,54,0,0,0,0,0,0,13,14,0,0
Cell 858,4379.865384615385,1726.2403846153845,96,144,0,0,742,27,75,75,0,0,38
Cell 859,3660.951219512195,1730.439024390244,100,18,0,0,0,0,0,0,0,21,0
Cell 860,1226.342105263158,1731.3947368421052,71,0,14,0,0,35,0,38,40,0,30
Cell 861,5511.747474747474,1736.3939393939395,0,0,0,0,82,40,0,10,0,0,0
Cell 862,1392.4761904761904,1741.1333333333334,0,140,0,0,392,0,229,15,0,0,0
Cell 863,3165.066037735849,1738.9622641509434,133,260,0,0,0,0,833,49,10,0,24
Cell 864,723.8252427184466,1742.4660194174758,39,166,0,0,0,10,0,0,0,0,11
Cell 865,1743.954887218045,1744.827067669173,46,112,0,0,470,26,742,0,0,0,0
Cell 866,3516.3779069767443,1750.9883720930231,176,529,0,0,0,0,0,41,0,0,162
Cell 867,3671.1769911504425,1744.1150442477876,51,869,0,0,0,40,0,64,0,0,12
Cell 868,4263.438202247191,1745.573033707865,46,158,0,0,687,0,213,0,0,0,0
Cell 869,1224.3185185185184,1749.1629629629629,72,0,0,0,0,95,0,142,54,0,10
Cell 870,3375.623853211009,1749.6697247706422,113,108,0,0,82,89,812,23,0,0,0
Cell 871,5296.8421052631575,1750.8684210526317,14,0,0,0,295,0,381,0,0,0,0
Cell 872,3145.868686868687,1752.1818181818182,62,55,0,0,0,0,0,11,0,0,28
Cell 873,4382.0,1754.7042253521126,0,10,0,0,198,0,94,0,0,0,0
Cell 874,2894.875,1758.45,200,0,0,0,0,17,0,0,26,0,30
Cell 875,3686.5576923076924,1758.076923076923,89,0,0,0,0,0,0,31,0,0,0
Cell 876,2863.0140845070423,1764.8591549295775,223,51,12,24,0,30,0,36,50,0,0
Cell 877,3580.992307692308,1768.4692307692308,46,188,0,0,531,0,437,51,0,0,26
Cell 878,5696.636363636364,1767.1313131313132,73,89,0,0,253,292,0,95,0,30,0
Cell 879,958.0135746606335,1774.185520361991,139,425,0,0,0,22,424,149,10,14,18
Cell 880,2521.0384615384614,1767.1666666666667,0,96,0,0,226,0,263,0,0,0,0
Cell 881,4663.482352941176,1772.070588235294,15,46,0,0,406,0,262,0,0,0,0
Cell 882,3512.9439252336447,1774.1495327102805,83,0,0,0,0,44,0,51,12,0,62
Cell 883,4172.825,1774.6083333333333,0,0,0,0,0,0,17,0,0,0,0
Cell 884,313.9583333333333,1777.8333333333333,26,127,0,0,43,23,265,0,0,0,0
Cell 885,2681.943661971831,1776.774647887324,51,140,0,0,706,0,256,125,12,0,45
Cell 886,4159.922222222222,1778.2111111111112,32,109,0,0,708,45,785,0,0,0,0
Cell 887,3812.6116504854367,1781.7475728155339,42,152,0,0,1086,0,735,0,0,0,14
Cell 888,3121.358024691358,1782.7037037037037,0,44,0,0,549,0,25,16,0,0,0
Cell 889,2235.217391304348,1789.0869565217392,44,187,0,0,255,0,636,0,0,0,11
Cell 890,5657.415584415585,1786.3636363636363,0,0,0,0,62,0,0,0,0,0,0
Cell 891,9.96551724137931,1787.1379310344828,0,55,0,0,341,0,0,28,0,0,0
Cell 892,5636.589285714285,1791.0535714285713,0,33,0,0,135,0,0,0,0,0,0
Cell 893,5678.260869565217,1790.4347826086957,19,19,0,0,91,17,0,22,0,0,0
Cell 894,17.048076923076923,1800.6923076923076,56,257,0,0,0,109,595,59,0,0,17
Cell 895,791.57,1801.21,99,399,0,0,177,0,0,123,10,0,16
Cell 896,1289.4850746268658,1805.089552238806,117,353,0,0,924,80,0,88,23,0,80
Cell 897,2107.177570093458,1804.5794392523364,77,336,0,0,638,90,806,62,0,0,0
Cell 898,1073.411111111111,1809.4,0,21,0,0,169,0,414,0,0,0,0
Cell 899,805.6615384615385,1808.553846153846,73,0,0,0,70,0,0,60,0,0,68
Cell 900,1505.438775510204,1809.2448979591836,19,98,0,0,0,0,187,0,0,0,62
Cell 901,5918.139240506329,1809.632911392405,0,11,0,0,328,0,591,15,0,30,0
Cell 902,1853.0833333333333,1812.361111111111,0,77,0,0,183,0,344,0,0,0,0
Cell 903,2044.046511627907,1811.5813953488373,110,132,0,22,200,66,214,0,0,0,26
Cell 904,4331.0641025641025,1813.923076923077,38,15,25,0,201,267,55,36,0,0,0
Cell 905,3035.1666666666665,1815.8854166666667,62,162,0,0,539,0,593,0,0,0,81
Cell 906,5167.166666666667,1815.40625,36,46,0,0,279,37,165,45,0,0,0
Cell 907,682.8655462184873,1819.9747899159663,89,182,0,24,233,73,959,106,0,0,59
Cell 908,2861.120481927711,1818.2289156626507,0,90,0,0,317,0,131,0,0,0,0
Cell 909,4509.726315789474,1818.6736842105263,43,56,0,0,420,0,415,13,0,0,0
Cell 910,4774.533333333334,1818.942857142857,59,126,0,0,0,0,0,37,0,0,13
Cell 911,233.30337078651687,1820.2134831460673,134,387,0,0,184,117,722,93,0,0,0
Cell 912,218.8170731707317,1823.6341463414635,58,0,0,0,101,16,0,40,13,0,62
Cell 913,566.3283582089553,1821.089552238806,0,116,0,0,137,11,0,24,0,0,0
Cell 914,5989.5,1822.945945945946,10,0,0,0,398,0,337,0,0,0,0
Cell 915,26.80952380952381,1826.8214285714287,41,136,0,0,0,101,476,43,0,0,0
Cell 916,1504.7076923076922,1825.8,0,105,0,0,0,0,0,0,0,0,0
Cell 917,5584.518181818182,1830.909090909091,46,49,0,0,304,0,332,0,0,27,40
Cell 918,5364.019607843137,1833.7254901960785,0,0,0,0,71,0,99,0,0,0,0
Cell 919,1404.105882352941,1837.270588235294,0,0,0,0,10,0,0,0,0,0,0
Cell 920,583.0,1838.320987654321,69,153,0,0,0,94,0,206,0,0,21
Cell 921,2062.939655172414,1837.2672413793102,45,114,0,0,305,0,335,51,0,0,0
Cell 922,4785.398734177215,1841.120253164557,89,228,27,0,0,28,0,119,28,0,47
Cell 923,1497.4623655913979,1842.3440860215053,54,235,0,0,178,45,944,248,0,72,38
Cell 924,4855.925925925926,1841.0925925925926,0,34,0,0,0,0,109,0,0,0,0
Cell 925,317.37606837606836,1846.5213675213674,169,198,0,0,731,759,397,22,0,0,33
Cell 926,5223.805555555556,1846.4074074074074,32,14,0,0,604,0,544,0,0,0,0
Cell 927,3108.3333333333335,1851.2179487179487,0,39,0,0,83,0,73,0,0,0,18
Cell 928,3671.1830985915494,1847.2394366197184,81,121,0,0,581,0,238,0,0,0,29
Cell 929,4611.609022556391,1852.4135338345864,0,0,0,0,347,0,79,0,0,0,0
Cell 930,1406.2666666666667,1853.24,44,337,0,0,0,0,573,0,0,0,0
Cell 931,126.97345132743362,1857.716814159292,48,95,0,0,280,0,262,18,0,0,59
Cell 932,583.6891891891892,1855.6351351351352,28,0,0,0,287,14,0,12,0,0,0
Cell 933,986.570707070707,1861.419191919192,59,448,0,0,1086,38,785,103,0,0,48
Cell 934,1261.4850299401198,1862.7724550898204,90,173,0,0,228,95,337,50,0,0,21
Cell 935,4788.452380952381,1861.892857142857,0,0,0,0,0,14,0,0,0,0,0
Cell 936,5116.303571428572,1862.4107142857142,0,0,0,0,0,0,0,0,0,0,0
Cell 937,1486.5531914893618,1863.2021276595744,55,74,0,0,0,0,0,0,0,0,0
Cell 938,2910.137614678899,1863.1559633027523,62,31,0,0,0,0,0,0,0,0,63
Cell 939,4550.16037735849,1864.933962264151,0,0,0,0,0,0,647,0,0,0,0
Cell 940,1460.142857142857,1868.4571428571428,55,130,0,0,0,0,0,0,0,0,68
Cell 941,2418.0857142857144,1865.9214285714286,57,478,0,0,245,0,225,0,0,0,0
Cell 942,607.5307692307692,1869.4153846153847,132,191,0,0,249,185,0,76,0,0,0
Cell 943,3090.027027027027,1866.6486486486488,0,0,13,0,0,0,0,76,0,0,0
Cell 944,4535.545454545455,1866.0,0,0,0,0,0,0,0,0,0,0,0
Cell 945,5853.8378378378375,1866.418918918919,22,0,0,0,347,0,365,18,0,0,0
Cell 946,1755.5076923076922,1866.1846153846154,0,39,0,0,82,0,0,0,0,0,0
Cell 947,3392.5530303030305,1869.7424242424242,161,581,125,85,0,111,0,60,23,0,57
Cell 948,1280.1176470588234,1876.637254901961,53,87,83,0,906,12,625,214,0,94,0
Cell 949,2921.855769230769,1878.3173076923076,114,238,0,0,993,0,704,0,0,0,94
Cell 950,5412.509433962264,1876.3584905660377,31,16,0,0,223,0,224,0,0,0,0
Cell 951,1408.7848101265822,1879.0379746835442,52,0,0,0,0,0,0,54,0,0,0
Cell 952,3072.241666666667,1882.5083333333334,341,913,11,0,0,24,0,54,30,0,80
Cell 953,4552.846153846154,1880.5824175824175,66,53,0,0,607,10,0,45,0,0,0
Cell 954,5116.0,1881.1756756756756,42,18,0,0,495,0,474,0,0,0,0
Cell 955,2437.535714285714,1884.2857142857142,116,207,0,0,0,0,0,0,0,0,11
Cell 956,3401.8297872340427,1895.7978723404256,0,37,0,0,0,0,0,0,0,0,0
Cell 957,5730.611111111111,1897.8240740740741,0,111,0,0,0,33,643,0,0,0,105
Cell 958,3743.8551724137933,1904.6206896551723,0,0,0,0,0,0,30,0,23,0,0
Cell 959,3072.2428571428572,1900.7714285714285,66,0,13,0,0,0,0,0,12,0,55
Cell 960,2430.1454545454544,1905.709090909091,0,87,0,0,0,0,0,0,0,0,24
Cell 961,1902.3761467889908,1909.165137614679,92,131,0,0,475,0,365,25,0,0,62
Cell 962,3757.1862745098038,1907.8725490196077,275,720,0,0,0,0,0,0,22,0,28
Cell 963,4316.386503067484,1910.398773006135,239,305,0,0,838,0,683,0,19,18,211
Cell 964,5334.440366972477,1911.2752293577983,62,137,0,0,572,0,723,0,0,0,0
Cell 965,5828.89010989011,1912.4945054945056,38,27,0,0,480,0,410,192,0,0,0
Cell 966,3250.935064935065,1913.2597402597403,34,100,0,0,487,0,426,19,0,0,0
Cell 967,4905.134328358209,1912.402985074627,0,0,0,0,14,13,328,0,0,0,0
Cell 968,5540.29,1912.79,0,0,0,0,346,0,225,0,0,0,0
Cell 969,5734.65306122449,1913.1122448979593,139,47,0,0,784,0,0,342,0,0,53
Cell 970,2022.3166666666666,1915.2833333333333,211,57,0,0,292,0,0,13,12,0,134
Cell 971,5613.01282051282,1918.5384615384614,130,227,0,0,881,51,988,161,0,0,52
Cell 972,891.054347826087,1918.1739130434783,50,237,0,0,686,0,683,96,12,0,39
Cell 973,1844.1315789473683,1920.0087719298247,63,234,0,0,629,0,258,108,0,0,91
Cell 974,2010.8333333333333,1917.9871794871794,0,538,0,0,0,0,118,19,0,0,86
Cell 975,5277.86,1917.91,19,55,0,0,657,0,731,0,0,0,0
Cell 976,170.03636363636363,1917.6363636363637,34,57,0,0,32,0,28,40,0,0,0
Cell 977,4930.604395604396,1919.6483516483515,55,92,0,0,288,0,237,11,0,0,0
Cell 978,4122.116279069767,1927.7209302325582,257,322,0,0,0,0,656,221,26,0,65
Cell 979,3053.101694915254,1927.0677966101696,0,0,0,0,0,0,0,0,0,0,0
Cell 980,1018.1067961165048,1929.3398058252428,89,230,37,0,723,28,324,137,0,0,48
Cell 981,3037.323943661972,1930.4084507042253,0,0,0,0,0,0,148,0,0,0,36
Cell 982,4432.521126760564,1928.5774647887324,29,55,0,0,216,0,79,13,0,0,0
Cell 983,282.75757575757575,1931.171717171717,209,399,0,0,0,13,0,28,0,0,23
Cell 984,948.8314606741573,1934.3258426966293,32,48,0,0,398,0,228,42,0,0,0
Cell 985,3940.701030927835,1935.3505154639174,75,186,0,0,420,0,650,283,0,0,0
Cell 986,3049.169014084507,1939.5070422535211,214,0,0,0,0,0,0,164,0,0,37
Cell 987,3152.0208333333335,1942.3958333333333,105,142,0,0,579,0,0,20,0,0,22
Cell 988,2754.8285714285716,1941.2714285714285,28,79,0,0,201,0,100,0,0,0,0
Cell 989,5038.611111111111,1947.7083333333333,0,16,0,0,383,0,94,0,0,0,0
Cell 990,358.2068965517241,1948.5057471264367,136,289,0,0,192,50,0,253,0,0,37
Cell 991,388.5851063829787,1948.9787234042553,54,212,0,0,428,18,133,70,0,0,0
Cell 992,3537.4375,1949.3035714285713,82,170,0,0,689,0,775,71,31,0,66
Cell 993,5026.890909090909,1952.3090909090909,22,0,0,0,0,0,348,0,0,0,0
Cell 994,2798.35,1956.49,52,125,143,0,774,0,185,91,17,0,158
Cell 995,3027.5849056603774,1956.9622641509434,146,0,0,0,0,71,0,67,0,0,127
Cell 996,3128.0625,1959.225,88,146,0,0,606,0,0,57,0,0,31
Cell 997,3337.981818181818,1957.4454545454546,71,190,0,0,502,0,320,27,0,0,0
Cell 998,3142.529411764706,1964.6470588235295,12,67,0,0,0,0,0,0,0,0,41
Cell 999,502.04545454545456,1970.4636363636364,128,214,0,0,228,77,862,68,0,0,0
Cell 1000,3427.6470588235293,1972.0588235294117,61,74,0,0,686,0,863,0,0,0,0
Cell 1001,3944.116504854369,1973.8058252427184,45,10,0,0,0,0,0,0,0,0,0
Cell 1002,687.1904761904761,1975.6587301587301,79,211,0,20,553,50,274,92,11,0,74
Cell 1003,1315.865671641791,1975.1194029850747,86,231,29,44,0,49,609,355,43,0,0
Cell 1004,3931.0337078651687,1977.8202247191011,57,326,0,0,0,10,508,0,0,0,35
Cell 1005,5121.292929292929,1977.030303030303,120,146,0,0,495,0,114,11,13,0,22
Cell 1006,709.8461538461538,1975.9615384615386,0,96,0,0,0,0,144,15,0,0,0
Cell 1007,3443.156862745098,1976.7058823529412,0,56,0,0,0,0,68,0,0,0,0
Cell 1008,3717.6521739130435,1977.8152173913043,84,163,0,0,716,0,61,15,0,0,0
Cell 1009,4831.122641509434,1980.1698113207547,76,157,0,0,650,0,1131,0,14,0,70
Cell 1010,2924.7884615384614,1981.7307692307693,91,269,0,0,691,0,661,50,0,0,30
Cell 1011,3705.65,1981.325,20,14,0,0,0,0,44,0,0,0,0
Cell 1012,4975.383333333333,1979.5833333333333,15,32,0,0,459,0,106,0,0,0,0
Cell 1013,482.6307692307692,1983.7230769230769,103,70,0,0,0,0,0,0,0,0,0
Cell 1014,5458.634615384615,1988.4038461538462,61,40,0,0,359,0,827,21,0,0,0
Cell 1015,1451.0088495575221,1989.4336283185842,110,273,0,0,0,0,867,38,0,0,40
Cell 1016,2588.8026315789475,1989.5263157894738,74,152,0,0,727,0,340,0,0,0,29
Cell 1017,5101.357894736842,1994.3894736842105,0,0,0,0,0,0,0,0,0,0,0
Cell 1018,4643.457831325301,1990.9518072289156,0,135,0,0,27,0,613,0,0,0,0
Cell 1019,5973.641791044776,1995.7910447761194,0,0,0,0,446,0,200,0,0,0,0
Cell 1020,4647.357142857143,2001.6607142857142,83,16,0,0,483,0,0,0,0,0,0
Cell 1021,1880.240506329114,2007.759493670886,15,115,0,0,344,0,212,0,0,0,0
Cell 1022,3617.4,2009.7545454545455,67,249,0,0,623,0,528,0,38,0,0
Cell 1023,5119.725806451613,2006.6612903225807,0,28,0,0,414,0,294,0,0,0,0
Cell 1024,1467.9649122807018,2011.3099415204679,170,317,0,0,0,0,972,60,0,0,0
Cell 1025,2009.712962962963,2011.2222222222222,144,511,0,0,708,0,193,62,0,0,175
Cell 1026,2809.46875,2014.7604166666667,25,98,0,0,233,0,609,37,0,0,22
Cell 1027,3270.782945736434,2015.3953488372092,73,258,0,0,0,0,189,0,0,0,74
Cell 1028,5425.741935483871,2012.0645161290322,29,0,0,0,775,0,1120,0,0,0,0
Cell 1029,1718.7642276422764,2024.040650406504,88,181,0,0,300,10,575,15,0,0,97
Cell 1030,5197.15,2031.4125,92,32,0,0,0,0,0,0,0,0,19
Cell 1031,3262.6491228070176,2033.0,0,0,0,0,0,0,208,0,0,0,0
Cell 1032,3901.5,2034.4259259259259,60,275,0,0,791,0,588,73,11,0,0
Cell 1033,5907.925,2037.6,105,28,0,12,364,43,290,55,0,0,27
Cell 1034,4077.487804878049,2042.8292682926829,241,296,0,0,0,0,795,208,19,0,86
Cell 1035,4037.7297297297296,2043.1756756756756,159,285,0,0,0,0,662,255,53,0,96
Cell 1036,5200.836956521739,2048.7065217391305,75,31,0,0,734,14,433,0,0,0,0
Cell 1037,2098.777777777778,2053.4188034188032,82,547,21,0,1013,0,402,0,0,0,32
Cell 1038,1311.251700680272,2060.7414965986395,109,417,0,0,0,0,799,347,49,0,0
Cell 1039,2087.7115384615386,2066.3653846153848,38,0,0,0,0,0,0,11,29,0,27
Cell 1040,2351.8690476190477,2071.559523809524,99,148,0,0,644,0,314,13,0,0,80
Cell 1041,2070.548387096774,2073.4193548387098,0,0,0,0,0,0,0,0,0,0,0
Cell 1042,2767.1264367816093,2075.3563218390805,0,0,0,0,0,0,0,0,13,0,0
Cell 1043,3117.8449197860964,2084.144385026738,60,413,0,0,961,0,429,12,0,0,42
Cell 1044,5507.66,2081.16,57,14,0,0,190,0,768,13,0,0,53
Cell 1045,5178.35294117647,2089.3882352941177,115,184,0,0,994,0,472,0,0,0,18
Cell 1046,2758.41975308642,2090.9753086419755,0,502,0,0,0,0,601,0,19,0,220
Cell 1047,2768.5208333333335,2095.0,359,0,0,0,0,0,0,41,0,0,0
Cell 1048,4553.900826446281,2095.0578512396696,53,73,0,0,330,83,296,0,0,0,15
Cell 1049,3373.9285714285716,2096.387755102041,90,171,0,0,156,0,316,0,10,0,0
Cell 1050,1767.1346153846155,2103.221153846154,101,167,0,0,236,0,359,0,0,0,0
Cell 1051,4111.011764705882,2096.6823529411763,67,60,0,0,0,0,0,0,0,0,15
Cell 1052,3926.4593023255816,2109.3720930232557,182,409,0,0,0,46,0,0,11,0,36
Cell 1053,4835.75,2107.9083333333333,76,104,0,0,575,0,906,90,0,0,20
Cell 1054,3291.6810344827586,2108.448275862069,95,225,0,0,453,0,134,16,11,0,0
Cell 1055,4117.905405405405,2109.8513513513512,34,0,0,0,882,0,965,34,0,0,13
Cell 1056,4712.267857142857,2109.089285714286,346,90,0,0,198,0,204,0,508,0,0
Cell 1057,3013.5346534653463,2116.891089108911,28,0,0,0,0,0,0,0,0,0,34
Cell 1058,2114.6987951807228,2118.590361445783,57,0,0,0,200,0,47,0,21,0,0
Cell 1059,2998.0394736842104,2126.2565789473683,239,653,0,0,0,10,0,88,12,0,105
Cell 1060,2097.8947368421054,2132.0131578947367,169,0,0,0,0,0,1030,0,0,0,0
Cell 1061,2778.7375,2124.6875,70,0,0,0,0,0,0,28,0,0,0
Cell 1062,3080.0823529411764,2125.635294117647,38,102,0,0,974,0,0,0,0,0,0
Cell 1063,3354.3809523809523,2129.5619047619048,205,385,0,0,0,0,0,35,15,0,22
Cell 1064,2115.2972972972975,2131.527027027027,204,965,0,0,0,0,22,145,24,0,136
Cell 1065,3226.0089285714284,2137.8035714285716,89,183,0,0,607,0,303,0,0,0,82
Cell 1066,2783.43125,2146.38125,90,738,0,0,0,0,0,0,0,0,68
Cell 1067,4241.1241830065355,2143.248366013072,80,140,0,0,628,0,656,26,0,0,68
Cell 1068,4401.424528301887,2143.801886792453,47,136,0,0,269,0,187,0,0,0,17
Cell 1069,3420.841059602649,2147.5761589403974,312,540,0,0,0,0,730,181,0,0,55
Cell 1070,3499.990566037736,2145.5188679245284,42,182,0,0,1115,0,474,0,0,0,56
Cell 1071,3987.1830985915494,2155.676056338028,49,31,0,0,728,0,67,0,0,0,0
Cell 1072,2791.3846153846152,2157.769230769231,0,56,228,14,290,19,370,31,0,0,73
Cell 1073,3411.970297029703,2160.6237623762377,0,0,0,0,0,0,0,0,0,0,30
Cell 1074,2351.7894736842104,2162.8947368421054,103,174,0,0,403,0,185,0,0,0,89
Cell 1075,2534.6666666666665,2171.0,73,262,0,0,789,0,613,0,0,0,26
Cell 1076,2451.8207547169814,2174.254716981132,71,202,0,0,0,0,61,0,10,0,162
Cell 1077,2460.509090909091,2195.090909090909,0,66,0,0,0,0,21,0,0,0,0
Cell 1078,5554.571428571428,2261.5,0,0,0,0,24,0,237,122,0,37,0
Cell 1079,744.6078431372549,2311.1960784313724,17,30,0,30,437,0,817,202,56,12,0
